Division,Business Family,Customer Type,Channel,Category Code 5,Zone Mgr,Category Code 7,Regional Sales Mgr,Distribution Channel Mgr,Region Code,Price Discount Cde 4,Line of Business,Sales Volume,Customer,Address Number,Customer Number,Consolidated,Search Type,Phone,Business Unit,SIC Code,Tax Certificate
2,R3,G2,C7,   ,ZM5,N,S16,JL,1,   ,   ,   ,Hetrick Systems,10015793,10015793,13366,C,816-455-8733,1,          ,                    
2,R3,G2,C7,   ,ZM5,N,S16,JL,1,   ,   ,   ,LiveWire BBS and   Favourite Links,10019900,10019900,13367,C,816-455-8733,1,          ,                    
2,R3,G2,C7,   ,ZM5,N,S16,JL,1,   ,   ,   ,Brinco Ltd.,10007120,10007120,35150,C,816-455-8733,1,          ,                    
2,R3,G2,C7,   ,ZM5,N,S16,JL,1,   ,   ,   ,FIBERWORKS,10011981,10011981,56900,C,816-455-8733,1,          ,                    
2,R3,G2,C7,   ,ZM5,N,S16,JL,1,   ,   ,   ,DCS Laboratory,10009656,10009656,221,C,816-455-8733,1,          ,                    
2,R3,G2,C7,   ,ZM5,N,S16,JL,1,   ,   ,   ,Telus Corporation,10025248,10025248,311,C,816-455-8733,1,          ,                    
2,R3,G2,C7,   ,ZM5,N,S16,JL,1,   ,   ,   ,Tally Systems,10025033,10025033,346,C,816-455-8733,1,          ,                    
2,R3,G2,C7,   ,ZM5,N,S16,JL,1,   ,   ,   ,Earth,10010698,10010698,79380,C,816-455-8733,1,          ,                    
2,R3,G2,C7,   ,ZM5,N,S16,JL,1,   ,   ,   ,Filmotype,10012234,10012234,79420,C,816-455-8733,1,          ,                    
2,R3,G2,C7,   ,ZM5,N,S16,JL,1,   ,   ,   ,DEAC,10009672,10009672,86974,C,816-455-8733,1,          ,                    
2,R3,G2,C7,   ,ZM5,N,S16,JL,1,   ,   ,   ,Sagent,10023513,10023513,89012,C,816-455-8733,1,          ,                    
2,R3,G2,C7,   ,ZM5,N,S16,JL,1,   ,   ,   ,Ubicco,10025305,10025305,89015,C,816-455-8733,1,          ,                    
2,R3,G2,C7,   ,ZM5,N,S16,JL,1,   ,   ,   ,ValiCert,10025778,10025778,89044,C,816-455-8733,1,          ,                    
2,R3,G2,C7,   ,ZM5,N,S16,JL,1,   ,   ,   ,Caribian Specialties,10000455,10000455,89053,C,816-455-8733,1,          ,                    
2,R3,G2,C7,   ,ZM5,N,S16,JL,1,   ,   ,   ,Clearout,10009631,10009631,89084,C,816-455-8733,1,          ,                    
2,R3,G2,C7,   ,ZM5,N,S16,JL,1,   ,   ,   ,Benedict,10004256,10004256,89179,C,816-455-8733,1,          ,                    
2,R3,G2,C7,   ,ZM5,N,S16,JL,1,   ,   ,   ,Tao Group,10025049,10025049,93330,C,816-455-8733,1,          ,                    
2,R3,G2,C7,   ,ZM5,N,S16,JL,1,   ,   ,   ,Harvard Trust Company,10014495,10014495,93331,C,816-455-8733,1,          ,                    
2,R3,G2,C7,   ,ZM5,N,S16,JL,1,   ,   ,   ,Today,10025264,10025264,94390,C,816-455-8733,1,          ,                    
2,R3,G2,C7,   ,ZM5,N,S16,JL,1,   ,   ,   ,Zero-Knowledge Systems,10027381,10027381,504,C,816-455-8733,1,          ,                    
2,R3,G2,C7,   ,ZM5,N,S16,JL,1,   ,   ,   ,Signature,10024262,10024262,523,C,816-455-8733,1,          ,                    
2,R3,G2,C7,   ,ZM5,N,S16,JL,1,   ,   ,   ,Aaron Products,10000473,10000473,562,C,816-455-8733,1,          ,                    
2,R3,G2,C7,   ,ZM5,N,S16,JL,1,   ,   ,   ,A2Z Solutions,10000466,10000466,27005,C,816-455-8733,1,          ,                    
2,R3,G2,C7,   ,ZM5,N,S16,JL,1,   ,   ,   ,Pacifico,10021222,10021222,591,C,816-455-8733,1,          ,                    
2,R3,G2,C7,   ,ZM5,N,S16,JL,1,   ,   ,   ,Towmotor Corporation,10025284,10025284,3355,C,816-455-8733,1,          ,                    
2,R3,G2,C7,   ,ZM5,N,S16,JL,1,   ,   ,   ,Pacific Sierra Research,10021184,10021184,5552,C,816-455-8733,1,          ,                    
2,R3,G2,C7,   ,ZM5,N,S16,JL,1,   ,   ,   ,Laker Airways,10019678,10019678,13362,C,816-455-8733,1,          ,                    
2,R3,G2,C7,   ,ZM5,N,S16,JL,1,   ,   ,   ,Robust Code,10023489,10023489,13363,C,816-455-8733,1,          ,                    
2,R3,G2,C7,   ,ZM5,N,S16,JL,1,   ,   ,   ,Dayton Malleable Inc.,10009647,10009647,13364,C,816-455-8733,1,          ,                    
2,R3,G2,C7,   ,ZM5,N,S16,JL,1,   ,M1,   ,E Corp.,10009985,10009985,49,C,816-455-8733,1,          ,                    
2,R3,G2,C7,   ,ZM5,N,S16,JL,1,P1,   ,   ,Neostar,10020663,10020663,61235,C,816-455-8733,1,          ,                    
2,R3,G2,C7,   ,ZM5,N,S16,JL,1,P1,   ,   ,Ra Co Amo,10022456,10022456,62860,C,816-455-8733,1,          ,                    
2,R3,G2,C7,   ,ZM5,N,S16,JL,1,P1,   ,   ,Satronix,10023778,10023778,31385,C,816-455-8733,1,          ,                    
2,R3,G2,C7,   ,ZM5,N,S16,JL,1,P1,   ,   ,ActionWorld,10002506,10002506,78306,C,816-455-8733,1,          ,                    
2,R3,G2,C7,   ,ZM5,N,S16,JL,1,P1,   ,   ,Taos Mountain,10025051,10025051,84920,C,816-455-8733,1,          ,                    
2,R3,G2,C7,   ,ZM5,N,S16,JL,1,P1,   ,   ,Xyplex,10026861,10026861,34275,C,816-455-8733,1,          ,                    
2,R3,G2,C7,   ,ZM5,N,S16,JL,1,P1,   ,   ,Sigma Duke,10024260,10024260,1600,C,816-455-8733,1,          ,                    
2,R3,G2,C7,   ,ZM5,N,S16,JL,1,P1,   ,   ,Hauppauge Works,10014546,10014546,27450,C,816-455-8733,1,          ,                    
2,R3,G2,C7,   ,ZM5,N,S16,JL,1,P1,   ,   ,Ethyl Corporation,10011398,10011398,3354,C,816-455-8733,1,          ,                    
2,R3,G2,C7,   ,ZM5,N,S16,JL,1,P1,   ,   ,MATRIX,10020192,10020192,13365,C,816-455-8733,1,          ,                    
2,R3,G2,C7,   ,ZM5,N,S16,JL,1,P1,M1,   ,Valley  Solutions,10025791,10025791,31390,C,816-455-8733,1,          ,                    
2,R3,G2,C7,   ,ZM5,N,S16,JL,1,P1,M1,   ,Vanstar,10025919,10025919,85030,C,816-455-8733,1,          ,                    
2,R3,G2,C7,   ,ZM5,N,S16,JL,1,P1,M1,PC,Taligent,10025025,10025025,16450,C,816-455-8733,1,          ,                    
2,R3,G2,C7,   ,ZM5,N,S16,JL,1,P1,M1,AP,Sifton Properties Limited,10024248,10024248,65800,C,816-455-8733,1,          ,                    
2,R3,G2,C7,   ,ZM5,N,S16,JL,4,   ,   ,   ,City Fresh Foods,10000000,10000000,16,C,816-455-8733,1,          ,                    
2,R3,G2,C7,   ,ZM5,N,S16,JL,4,   ,   ,   ,Tailwind,10025021,10025021,58180,C,816-455-8733,1,          ,                    
2,R3,G2,C7,   ,ZM5,N,S16,JL,4,   ,   ,   ,"David L. Babson & Co., Inc.",10009642,10009642,58185,C,816-455-8733,1,          ,                    
2,R3,G2,C7,   ,ZM5,N,S16,JL,4,   ,   ,   ,Helios,10015275,10015275,58188,C,816-455-8733,1,          ,                    
2,R3,G2,C7,   ,ZM5,N,S16,JL,4,   ,   ,   ,Ilog,10017585,10017585,58191,C,816-455-8733,1,          ,                    
2,R3,G2,C7,   ,ZM5,N,S16,JL,4,   ,   ,   ,Kari & Associates,10018867,10018867,58192,C,816-455-8733,1,          ,                    
2,R3,G2,C7,   ,ZM5,N,S16,JL,4,   ,   ,   ,Deak-Perera Group.,10009676,10009676,60940,C,816-455-8733,1,          ,                    
2,R3,G2,C7,   ,ZM5,N,S16,JL,4,   ,   ,   ,"Dellovade, A.C./Dick Corp/Kendall",10026055,10026055,146,C,816-455-8733,1,          ,                    
2,R3,G2,C7,   ,ZM5,N,S16,JL,4,   ,   ,   ,Trend Line Corporation,10025291,10025291,174,C,816-455-8733,1,          ,                    
2,R3,G2,C7,   ,ZM5,N,S16,JL,4,   ,   ,   ,Ottercom,10020915,10020915,69700,C,816-455-8733,1,          ,                    
2,R3,G2,C7,   ,ZM5,N,S16,JL,4,   ,   ,   ,Warsun International,10026291,10026291,84250,C,816-455-8733,1,          ,                    
2,R3,G2,C7,   ,ZM5,N,S16,JL,4,   ,   ,   ,Gemini Controls,10013765,10013765,97050,C,816-455-8733,1,          ,                    
2,R3,G2,C7,   ,ZM5,N,S16,JL,4,   ,   ,   ,XCOM,10026522,10026522,560,C,816-455-8733,1,          ,                    
2,R3,G2,C7,   ,ZM5,N,S16,JL,4,   ,   ,   ,Home Team,10016564,10016564,10500,C,816-455-8733,1,          ,                    
2,R3,G2,C7,   ,ZM5,N,S16,JL,4,P1,   ,   ,Times Mirror Company,10025252,10025252,62,C,816-455-8733,1,          ,                    
2,R3,G2,C7,   ,ZM5,N,S16,JL,4,P1,   ,   ,High  Logistics (HTL),10016045,10016045,58190,C,816-455-8733,1,          ,                    
2,R3,G2,C7,   ,ZM5,N,S16,JL,4,P1,   ,   ,Venred,10026078,10026078,62150,C,816-455-8733,1,          ,                    
2,R3,G2,C7,   ,ZM5,N,S16,JL,4,P1,   ,   ,N.Graphics,10020445,10020445,35695,C,816-455-8733,1,          ,                    
2,R3,G2,C7,   ,ZM5,N,S16,JL,4,P1,   ,   ,Lmao,10019942,10019942,526,C,816-455-8733,1,          ,                    
2,R3,G2,C7,   ,ZM5,N,S16,JL,4,P1,   ,   ,Edorex Informatik,10010969,10010969,564,C,816-455-8733,1,          ,                    
2,R3,G2,C7,   ,ZM5,N,S16,JL,4,P1,   ,   ,C & C  Design,10007121,10007121,27448,C,816-455-8733,1,          ,                    
2,R3,G2,C7,   ,ZM5,N,S16,JL,4,P1,   ,   ,HCHS,10014803,10014803,28180,C,816-455-8733,1,          ,                    
2,R3,G2,C7,   ,ZM5,N,S16,JL,4,P1,   ,   ,Outbreak,10020927,10020927,12020,C,816-455-8733,1,          ,                    
2,R3,G2,C7,   ,ZM5,N,S16,JL,4,P1,   ,UP,Geac,10013509,10013509,96900,C,816-455-8733,1,          ,                    
2,R3,G2,C7,   ,ZM5,N,S16,JL,4,P1,M1,   ,SAS Distribution,10023715,10023715,42,C,816-455-8733,1,          ,                    
2,R3,G2,C7,   ,ZM5,N,S16,JL,4,P1,M1,   ,Ready-to-Run,10022750,10022750,58940,C,816-455-8733,1,          ,                    
2,R3,G2,C7,   ,ZM5,N,S16,JL,4,P1,M1,   ,Reveal Products,10023221,10023221,71416,C,816-455-8733,1,          ,                    
2,R3,G2,C7,   ,ZM5,N,S16,JL,4,P1,M1,   ,Hobart Manufacturing Company,10016334,10016334,71419,C,816-455-8733,1,          ,                    
2,R3,G2,C7,   ,ZM5,N,S16,JL,4,P1,M1,   ,Toledo Edison Company,10025269,10025269,71423,C,816-455-8733,1,          ,                    
2,R3,G2,C7,   ,ZM5,N,S16,JL,4,P1,M1,   ,Kabbalah,10018644,10018644,71424,C,816-455-8733,1,          ,                    
2,R3,G2,C7,   ,ZM5,N,S16,JL,4,P1,M1,   ,Pinnacle Management Systems,10021977,10021977,71425,C,816-455-8733,1,          ,                    
2,R3,G2,C7,   ,ZM5,N,S16,JL,4,P1,M1,   ,Editor,10010914,10010914,71426,C,816-455-8733,1,          ,                    
2,R3,G2,C7,   ,ZM5,N,S16,JL,4,P1,M1,   ,Ibis,10016807,10016807,71427,C,816-455-8733,1,          ,                    
2,R3,G2,C7,   ,ZM5,N,S16,JL,4,P1,M1,   ,R2J2,10022450,10022450,71430,C,816-455-8733,1,          ,                    
2,R3,G2,C7,   ,ZM5,N,S16,JL,4,P1,M1,   ,Racal-Datacom,10022490,10022490,71431,C,816-455-8733,1,          ,                    
2,R3,G2,C7,   ,ZM5,N,S16,JL,4,P1,M1,   ,Remedy,10023003,10023003,79500,C,816-455-8733,1,          ,                    
2,R3,G2,C7,   ,ZM5,N,S16,JL,4,P1,M1,   ,ScotGold Products,10024006,10024006,521,C,816-455-8733,1,          ,                    
2,R3,G2,C7,   ,ZM5,N,S16,JL,4,P1,M1,PC,Henning Industrial,10015495,10015495,3825,C,816-455-8733,1,          ,                    
2,R3,G2,C7,   ,ZM5,N,S16,JL,4,P1,M1,AP,Labatt Brewing Company Ltd.,10019665,10019665,91900,C,816-455-8733,1,          ,                    
2,R3,G2,C7,   ,ZM5,N,S16,JL,2,   ,   ,   ,Debenhams Ltd.,10009679,10009679,45105,C,816-455-8733,1,          ,                    
2,R3,G2,C7,   ,ZM5,N,S16,JL,2,   ,   ,   ,CAF Systemhaus,10007355,10007355,25,C,816-455-8733,1,          ,                    
2,R3,G2,C7,   ,ZM5,N,S16,JL,2,   ,   ,   ,C & J Engineering,10007122,10007122,18331,C,816-455-8733,1,          ,                    
2,R3,G2,C7,   ,ZM5,N,S16,JL,2,   ,   ,   ,Xetron,10026581,10026581,280,C,816-455-8733,1,          ,                    
2,R3,G2,C7,   ,ZM5,N,S16,JL,2,   ,   ,   ,SAIC Wateridge,10023516,10023516,73976,C,816-455-8733,1,          ,                    
2,R3,G2,C7,   ,ZM5,N,S16,JL,2,   ,   ,   ,DCS International,10009654,10009654,358,C,816-455-8733,1,          ,                    
2,R3,G2,C7,   ,ZM5,N,S16,JL,2,   ,   ,   ,Soloman Brothers,10024499,10024499,83010,C,816-455-8733,1,          ,                    
2,R3,G2,C7,   ,ZM5,N,S16,JL,2,   ,   ,   ,UTStarGate,10025758,10025758,379,C,816-455-8733,1,          ,                    
2,R3,G2,C7,   ,ZM5,N,S16,JL,2,   ,   ,   ,Illuminati,10017576,10017576,86480,C,816-455-8733,1,          ,                    
2,R3,G2,C7,   ,ZM5,N,S16,JL,2,   ,   ,   ,AA-Wizard,10000475,10000475,448,C,816-455-8733,1,          ,                    
2,R3,G2,C7,   ,ZM5,N,S16,JL,2,   ,   ,   ,Quantum Group,10022249,10022249,473,C,816-455-8733,1,          ,                    
2,R3,G2,C7,   ,ZM5,N,S16,JL,2,   ,   ,   ,Road Warrior International,10023471,10023471,94380,C,816-455-8733,1,          ,                    
2,R3,G2,C7,   ,ZM5,N,S16,JL,2,   ,   ,   ,Razorfish,10022725,10022725,557,C,816-455-8733,1,          ,                    
2,R3,G2,C7,   ,ZM5,N,S16,JL,2,   ,   ,   ,Transalta Utilities Corporation,10025285,10025285,558,C,816-455-8733,1,          ,                    
2,R3,G2,C7,   ,ZM5,N,S16,JL,2,   ,   ,   ,Finishing,10012422,10012422,578,C,816-455-8733,1,          ,                    
2,R3,G2,C7,   ,ZM5,N,S16,JL,2,   ,   ,   ,Stone Consolidated Corporation,10024725,10024725,22280,C,816-455-8733,1,          ,                    
2,R3,G2,C7,   ,ZM5,N,S16,JL,2,   ,   ,   ,Saturnus Multi produkten,10023783,10023783,3520,C,816-455-8733,1,          ,                    
2,R3,G2,C7,   ,ZM5,N,S16,JL,2,   ,M1,   ,Xtreme,10026839,10026839,48,C,816-455-8733,1,          ,                    
2,R3,G2,C7,   ,ZM5,N,S16,JL,2,P1,   ,   ,Salamander,10023524,10023524,15000,C,816-455-8733,1,          ,                    
2,R3,G2,C7,   ,ZM5,N,S16,JL,2,P1,   ,   ,WBM Group,10026336,10026336,49465,C,816-455-8733,1,          ,                    
2,R3,G2,C7,   ,ZM5,N,S16,JL,2,P1,   ,   ,Bechtel Corporation,10003795,10003795,18300,C,816-455-8733,1,          ,                    
2,R3,G2,C7,   ,ZM5,N,S16,JL,2,P1,   ,   ,C & M Distributors,10007123,10007123,18330,C,816-455-8733,1,          ,                    
2,R3,G2,C7,   ,ZM5,N,S16,JL,2,P1,   ,   ,HCS,10014804,10014804,18333,C,816-455-8733,1,          ,                    
2,R3,G2,C7,   ,ZM5,N,S16,JL,2,P1,   ,   ,ACT Laboratory,10002489,10002489,122,C,816-455-8733,1,          ,                    
2,R3,G2,C7,   ,ZM5,N,S16,JL,2,P1,   ,   ,Watcom International,10026299,10026299,63617,C,816-455-8733,1,          ,                    
2,R3,G2,C7,   ,ZM5,N,S16,JL,2,P1,   ,   ,"Chas T. Main, Inc.",10009623,10009623,101788,I,816-455-8733,1,          ,                    
2,R3,G2,C7,   ,ZM5,N,S16,JL,2,P1,   ,   ,Onetouch Interactive,10020914,10020914,70950,C,816-455-8733,1,          ,                    
2,R3,G2,C7,   ,ZM5,N,S16,JL,2,P1,   ,   ,Pink Elephant,10021936,10021936,71433,C,816-455-8733,1,          ,                    
2,R3,G2,C7,   ,ZM5,N,S16,JL,2,P1,   ,   ,Home Pages,10016549,10016549,73970,C,816-455-8733,1,          ,                    
2,R3,G2,C7,   ,ZM5,N,S16,JL,2,P1,   ,   ,Abacus Niagara,10000478,10000478,402,C,816-455-8733,1,          ,                    
2,R3,G2,C7,   ,ZM5,N,S16,JL,2,P1,   ,   ,Home Automation (HAI),10016548,10016548,86075,C,816-455-8733,1,          ,                    
2,R3,G2,C7,   ,ZM5,N,S16,JL,2,P1,   ,   ,Teca-Print,10025243,10025243,525,C,816-455-8733,1,          ,                    
2,R3,G2,C7,   ,ZM5,N,S16,JL,2,P1,   ,   ,Livermore  Laboratories (LSLI),10019897,10019897,27350,C,816-455-8733,1,          ,                    
2,R3,G2,C7,   ,ZM5,N,S16,JL,2,P1,   ,   ,Gartner Group,10013188,10013188,12640,C,816-455-8733,1,          ,                    
2,R3,G2,C7,   ,ZM5,N,S16,JL,2,P1,   ,PC,Meals on Plates,10000460,10000460,63850,C,816-455-8733,1,          ,                    
2,R3,G2,C7,   ,ZM5,N,S16,JL,2,P1,   ,AP,Active Voice,10002765,10002765,60700,C,816-455-8733,1,          ,                    
2,R3,G2,C7,   ,ZM5,N,S16,JL,2,P1,   ,AP,Pacific Handheld,10021175,10021175,61400,C,816-455-8733,1,          ,                    
2,R3,G2,C7,   ,ZM5,N,S16,JL,2,P1,   ,UP,High Country Access,10016047,10016047,37880,C,816-455-8733,1,          ,                    
2,R3,G2,C7,   ,ZM5,N,S16,JL,2,P1,   ,UP,Felidae Enterprises,10011734,10011734,2714,C,816-455-8733,1,          ,                    
2,R3,G2,C7,   ,ZM5,N,S16,JL,2,P1,M1,   ,Homebound,10016588,10016588,79950,C,816-455-8733,1,          ,                    
2,R3,G2,C7,   ,ZM5,N,S16,JL,2,P1,M1,   ,edit.nl,10010912,10010912,85520,C,816-455-8733,1,          ,                    
2,R3,G2,C7,   ,ZM5,N,S16,JL,2,P1,M1,   ,Ping,10021911,10021911,93780,C,816-455-8733,1,          ,                    
2,R3,G2,C7,   ,ZM5,N,S16,JL,2,P1,M1,   ,Unisys STARS,10025560,10025560,93785,C,816-455-8733,1,          ,                    
2,R3,G2,C7,   ,ZM5,N,S16,JL,2,P1,M1,PC,RKS,10023447,10023447,3826,C,816-455-8733,1,          ,                    
2,R3,G2,C7,   ,ZM5,N,S16,JL,3,   ,   ,   ,Rave Association,10022678,10022678,17655,C,816-455-8733,1,          ,                    
2,R3,G2,C7,   ,ZM5,N,S16,JL,3,   ,   ,   ,HBO & Company,10014779,10014779,137,C,816-455-8733,1,          ,                    
2,R3,G2,C7,   ,ZM5,N,S16,JL,3,   ,   ,   ,Siemens Nixdorf,10024246,10024246,70045,C,816-455-8733,1,          ,                    
2,R3,G2,C7,   ,ZM5,N,S16,JL,3,   ,   ,   ,Fibronics,10011997,10011997,422,C,816-455-8733,1,          ,                    
2,R3,G2,C7,   ,ZM5,N,S16,JL,3,   ,   ,   ,Zentrum für Interaktive Medien (ZIM),10027340,10027340,9402,C,816-455-8733,1,          ,                    
2,R3,G2,C7,   ,ZM5,N,S16,JL,3,P1,   ,   ,DC-Works,10009657,10009657,123,C,816-455-8733,1,          ,                    
2,R3,G2,C7,   ,ZM5,N,S16,JL,3,P1,   ,   ,Information Bureau,10017638,10017638,244,C,816-455-8733,1,          ,                    
2,R3,G2,C7,   ,ZM5,N,S16,JL,3,P1,   ,   ,Papyrus Consultants,10021470,10021470,36000,C,816-455-8733,1,          ,                    
2,R3,G2,C7,   ,ZM5,N,S16,JL,3,P1,M1,   ,Fokas,10012715,10012715,46710,C,816-455-8733,1,          ,                    
2,R3,G2,C7,   ,ZM5,N,S16,JL,3,P1,M1,   ,Kaim Associates,10018665,10018665,194,C,816-455-8733,1,          ,                    
2,R3,G2,C7,   ,ZM5,N,S16,JL,3,P1,M1,   ,Pinnacle Trading,10021996,10021996,377,C,816-455-8733,1,          ,                    
2,R3,G2,C7,   ,ZM5,N,S16,JL,3,P1,M1,   ,Canter,10008134,10008134,93790,C,816-455-8733,1,          ,                    
2,R3,G2,C6,   ,ZM5,N,S4,JL,1,   ,   ,   ,SignatureFactory,10024270,10024270,4,C,816-455-8733,1,          ,                    
2,R3,G2,C6,   ,ZM5,N,S4,JL,1,   ,   ,   ,R&R Group,10022434,10022434,23,C,816-455-8733,1,          ,                    
2,R3,G2,C6,   ,ZM5,N,S4,JL,1,   ,   ,   ,Team Financial Management Systems,10025238,10025238,18251,C,816-455-8733,1,          ,                    
2,R3,G2,C6,   ,ZM5,N,S4,JL,1,   ,   ,   ,Talou,10025034,10025034,279,C,816-455-8733,1,          ,                    
2,R3,G2,C6,   ,ZM5,N,S4,JL,1,   ,   ,   ,Pacific Matics,10021179,10021179,29095,C,816-455-8733,1,          ,                    
2,R3,G2,C6,   ,ZM5,N,S4,JL,1,P1,   ,   ,Tredegar Company,10025289,10025289,348,C,816-455-8733,1,          ,                    
2,R3,G2,C6,   ,ZM5,N,S3,JL,1,   ,   ,   ,We Find It 4 U,10026355,10026355,126,C,816-455-8733,1,          ,                    
2,R3,G2,C6,   ,ZM5,N,S3,JL,1,   ,   ,   ,RFI Corporation,10023275,10023275,554,C,816-455-8733,1,          ,                    
2,R3,G2,C6,   ,ZM5,N,S3,JL,4,   ,   ,   ,Lamson and Session Company,10019682,10019682,589,C,816-455-8733,1,          ,                    
2,R3,G2,C6,   ,ZM1,N,S5,JL,2,   ,   ,   ,Racal Recorders,10022470,10022470,336,C,816-455-8733,1,          ,                    
2,R3,G2,C6,   ,ZM1,N,S5,JL,2,   ,   ,   ,RealiDyne,10022764,10022764,499,C,816-455-8733,1,          ,                    
2,R3,G2,C6,   ,ZM1,N,S5,JL,2,P1,   ,   ,UniForum,10025495,10025495,8200,C,816-455-8733,1,          ,                    
2,R3,G2,C6,   ,ZM1,N,S9,JL,4,   ,   ,   ,David Spencer Ltd.,10009643,10009643,45109,C,816-455-8733,1,          ,                    
2,R3,G2,C6,   ,ZM1,N,S9,JL,4,   ,   ,   ,Target Marketing,10025061,10025061,17820,C,816-455-8733,1,          ,                    
2,R3,G2,C6,   ,ZM1,N,S9,JL,4,   ,   ,   ,Iconation,10017072,10017072,56170,C,816-455-8733,1,          ,                    
2,R3,G2,C6,   ,ZM1,N,S9,JL,4,   ,   ,   ,Active Network Systems,10002746,10002746,50,C,816-455-8733,1,          ,                    
2,R3,G2,C6,   ,ZM1,N,S9,JL,4,   ,   ,   ,YourFuture,10027053,10027053,91,C,816-455-8733,1,          ,                    
2,R3,G2,C6,   ,ZM1,N,S9,JL,4,   ,   ,   ,Tampa Bay Interactive,10025036,10025036,102,C,816-455-8733,1,          ,                    
2,R3,G2,C6,   ,ZM1,N,S9,JL,4,   ,   ,   ,Your Site,10027050,10027050,254,C,816-455-8733,1,          ,                    
2,R3,G2,C6,   ,ZM1,N,S9,JL,4,   ,   ,   ,Southern Company,10024541,10024541,76600,C,816-455-8733,1,          ,                    
2,R3,G2,C6,   ,ZM1,N,S9,JL,4,   ,   ,   ,A&R Partners,10000458,10000458,76725,C,816-455-8733,1,          ,                    
2,R3,G2,C6,   ,ZM1,N,S9,JL,4,   ,   ,   ,Quantum Leap  Solutions,10022252,10022252,385,C,816-455-8733,1,          ,                    
2,R3,G2,C6,   ,ZM1,N,S9,JL,4,   ,   ,   ,Unitec Systems,10025571,10025571,34170,C,816-455-8733,1,          ,                    
2,R3,G2,C6,   ,ZM1,N,S9,JL,4,   ,   ,   ,Garza Industries,10013232,10013232,9405,C,816-455-8733,1,          ,                    
2,R3,G2,C6,   ,ZM1,N,S9,JL,4,P1,   ,   ,BigJobs,10006093,10006093,56490,C,816-455-8733,1,          ,                    
2,R3,G2,C6,   ,ZM1,N,S9,JL,4,P1,   ,   ,GE Fanuc Automation,10013472,10013472,85900,C,816-455-8733,1,          ,                    
2,R3,G2,C6,   ,ZM1,N,S1,JL,2,P1,   ,   ,EDP,10010970,10010970,517,C,816-455-8733,1,          ,                    
2,R3,G2,C10,   ,ZM8,N,S14,TT,2,   ,   ,   ,Idyllwild,10017314,10017314,101262,C,816-455-8733,1,          ,                    
2,R3,G2,C10,   ,ZM8,N,S14,TT,3,   ,   ,   ,Pinnacle,10021962,10021962,102299,C,816-455-8733,1,          ,                    
2,R3,G2,C1,   ,ZM8,N,S13,TT,4,   ,   ,   ,Unison Management Concepts,10025552,10025552,101963,C,816-455-8733,1,          ,                    
2,R3,G2,C1,   ,ZM8,N,S13,TT,4,   ,   ,   ,Fill It,10012226,10012226,101644,C,816-455-8733,1,          ,                    
2,R3,G2,C8,   ,ZM5,N,S1,JL,1,   ,   ,   ,Quantex Microsystems,10022183,10022183,101696,C,816-455-8733,1,          ,                    
2,R3,G2,C8,   ,ZM5,N,S1,JL,1,   ,   ,   ,UUmail,10025769,10025769,101799,C,816-455-8733,1,          ,                    
2,R3,G2,C8,   ,ZM5,N,S1,JL,1,   ,   ,   ,Kawneer Company,10018885,10018885,102162,C,816-455-8733,1,          ,                    
2,R3,G2,C8,   ,ZM5,N,S1,JL,1,   ,   ,   ,XVT,10026843,10026843,101830,C,816-455-8733,1,          ,                    
2,R3,G2,C8,   ,ZM5,N,S1,JL,1,   ,   ,   ,Bizmarts,10006846,10006846,101831,C,816-455-8733,1,          ,                    
2,R3,G2,C8,   ,ZM5,N,S1,JL,1,   ,   ,   ,Panzl,10021418,10021418,101500,C,816-455-8733,1,          ,                    
2,R3,G2,C8,   ,ZM5,N,S1,JL,1,   ,   ,   ,Minneapolis Star and Tribune Company,10020393,10020393,101503,C,816-455-8733,1,          ,                    
2,R3,G2,C8,   ,ZM5,N,S1,JL,1,   ,   ,   ,GDSS,10013467,10013467,101519,C,816-455-8733,1,          ,                    
2,R3,G2,C8,   ,ZM5,N,S1,JL,1,   ,   ,   ,Reuters Usability Group,10023212,10023212,101569,C,816-455-8733,1,          ,                    
2,R3,G2,C8,   ,ZM5,N,S1,JL,1,   ,   ,   ,KeyComm,10019388,10019388,577,C,816-455-8733,1,          ,                    
2,R3,G2,C8,   ,ZM5,N,S1,JL,1,   ,   ,   ,Valley Scribe,10025808,10025808,101974,C,816-455-8733,1,          ,                    
2,R3,G2,C8,   ,ZM5,N,S1,JL,1,   ,   ,   ,Stone Container Corporation,10024743,10024743,101975,C,816-455-8733,1,          ,                    
2,R3,G2,C8,   ,ZM5,N,S1,JL,1,   ,   ,   ,CAPCON,10008381,10008381,101976,C,816-455-8733,1,          ,                    
2,R3,G2,C8,   ,ZM5,N,S1,JL,1,   ,   ,   ,Caravelle,10008893,10008893,101977,C,816-455-8733,1,          ,                    
2,R3,G2,C8,   ,ZM5,N,S1,JL,1,   ,   ,   ,Uniplex,10025511,10025511,101980,C,816-455-8733,1,          ,                    
2,R3,G2,C8,   ,ZM5,N,S1,JL,1,   ,   ,   ,Paperless  Group,10021458,10021458,101637,C,816-455-8733,1,          ,                    
2,R3,G2,C8,   ,ZM5,N,S1,JL,1,P1,   ,   ,Active Data,10002709,10002709,102092,C,816-455-8733,1,          ,                    
2,R3,G2,C8,   ,ZM5,N,S1,JL,4,   ,   ,   ,Zero Assumption Recovery,10027356,10027356,101710,C,816-455-8733,1,          ,                    
2,R3,G2,C8,   ,ZM5,N,S1,JL,4,   ,   ,   ,eDistrict,10010904,10010904,101739,C,816-455-8733,1,          ,                    
2,R3,G2,C8,   ,ZM5,N,S1,JL,4,   ,   ,   ,Kazinformcom,10018890,10018890,101740,C,816-455-8733,1,          ,                    
2,R3,G2,C8,   ,ZM5,N,S1,JL,4,   ,   ,   ,Keystar  Training,10019400,10019400,101800,C,816-455-8733,1,          ,                    
2,R3,G2,C8,   ,ZM5,N,S1,JL,4,   ,   ,   ,Sage,10023510,10023510,101495,C,816-455-8733,1,          ,                    
2,R3,G2,C8,   ,ZM5,N,S1,JL,4,   ,   ,   ,Patient,10021673,10021673,101533,C,816-455-8733,1,          ,                    
2,R3,G2,C8,   ,ZM5,N,S1,JL,4,   ,   ,   ,Trust Company of Georgia,10025296,10025296,101915,C,816-455-8733,1,          ,                    
2,R3,G2,C8,   ,ZM5,N,S1,JL,4,   ,   ,   ,Pathlight Data Systems,10021668,10021668,101930,C,816-455-8733,1,          ,                    
2,R3,G2,C8,   ,ZM5,N,S1,JL,4,   ,   ,   ,Carden Jennings Publishing,10009156,10009156,101627,C,816-455-8733,1,          ,                    
2,R3,G2,C8,   ,ZM5,N,S1,JL,4,   ,   ,   ,Icon Site Builders,10017054,10017054,101628,C,816-455-8733,1,          ,                    
2,R3,G2,C8,   ,ZM5,N,S1,JL,4,   ,   ,   ,"Miles Laboratories, Inc.",10020390,10020390,101632,C,816-455-8733,1,          ,                    
2,R3,G2,C8,   ,ZM5,N,S1,JL,4,   ,   ,   ,Pantech International,10021415,10021415,101677,C,816-455-8733,1,          ,                    
2,R3,G2,C8,   ,ZM5,N,S1,JL,4,P1,   ,   ,a2i,10000462,10000462,56150,C,816-455-8733,1,          ,                    
2,R3,G2,C8,   ,ZM5,N,S1,JL,4,P1,   ,   ,Harbour and Associates,10014264,10014264,238,C,816-455-8733,1,          ,                    
2,R3,G2,C8,   ,ZM5,N,S1,JL,2,   ,   ,   ,Kool-Seal,10019617,10019617,101765,C,816-455-8733,1,          ,                    
2,R3,G2,C8,   ,ZM5,N,S1,JL,2,   ,   ,   ,Safetynet,10023509,10023509,101508,C,816-455-8733,1,          ,                    
2,R3,G2,C8,   ,ZM5,N,S1,JL,2,   ,   ,   ,U.S. West,10025302,10025302,101512,C,816-455-8733,1,          ,                    
2,R3,G2,C8,   ,ZM5,N,S1,JL,2,   ,   ,   ,Zitel,10027575,10027575,101515,C,816-455-8733,1,          ,                    
2,R3,G2,C8,   ,ZM5,N,S1,JL,2,   ,   ,   ,Litton,10019879,10019879,101531,C,816-455-8733,1,          ,                    
2,R3,G2,C8,   ,ZM5,N,S1,JL,2,   ,   ,   ,Oklahoma  Marketing,10020684,10020684,101881,C,816-455-8733,1,          ,                    
2,R3,G2,C8,   ,ZM5,N,S1,JL,2,   ,   ,   ,Unisys,10025558,10025558,101534,C,816-455-8733,1,          ,                    
2,R3,G2,C8,   ,ZM5,N,S1,JL,2,   ,   ,   ,Xenet,10026536,10026536,101882,C,816-455-8733,1,          ,                    
2,R3,G2,C8,   ,ZM5,N,S1,JL,2,   ,   ,   ,SASCO PC Products,10023759,10023759,101884,C,816-455-8733,1,          ,                    
2,R3,G2,C8,   ,ZM5,N,S1,JL,2,   ,   ,   ,Tangent,10025040,10025040,101907,C,816-455-8733,1,          ,                    
2,R3,G2,C8,   ,ZM5,N,S1,JL,2,   ,   ,   ,Valpatken,10025814,10025814,101584,C,816-455-8733,1,          ,                    
2,R3,G2,C8,   ,ZM5,N,S1,JL,2,   ,   ,   ,F. & R. Lazarus and Company,10011459,10011459,101636,C,816-455-8733,1,          ,                    
2,R3,G2,C8,   ,ZM5,N,S1,JL,2,   ,   ,   ,Molson Breweries,10020413,10020413,12785,C,816-455-8733,1,          ,                    
2,R3,G2,C8,   ,ZM5,N,S1,JL,2,P1,   ,   ,BL Trading,10006862,10006862,46761,C,816-455-8733,1,          ,                    
2,R3,G2,C8,   ,ZM5,N,S1,JL,2,P1,M1,   ,Berkeley Design,10004302,10004302,46760,C,816-455-8733,1,          ,                    
2,R3,G2,C8,   ,ZM5,N,S1,JL,3,   ,   ,   ,VA Research,10025771,10025771,101724,C,816-455-8733,1,          ,                    
2,R3,G2,C8,   ,ZM5,N,S1,JL,3,   ,   ,   ,ZipLip.Com,10027572,10027572,101725,C,816-455-8733,1,          ,                    
2,R3,G2,C8,   ,ZM5,N,S1,JL,3,   ,   ,   ,BizNet Equity Management Trust (BEMT),10006848,10006848,101726,C,816-455-8733,1,          ,                    
2,R3,G2,C8,   ,ZM5,N,S1,JL,3,   ,   ,   ,Kensington  Group,10019105,10019105,101741,C,816-455-8733,1,          ,                    
2,R3,G2,C8,   ,ZM5,N,S1,JL,3,   ,   ,   ,Hershey Chocolate Corporation,10015783,10015783,65000,I,816-455-8733,1,          ,                    
2,R3,G2,C8,   ,ZM5,N,S1,JL,3,   ,   ,   ,"Metro-Goldwyn-Mayer, Inc.",10020388,10020388,101792,C,816-455-8733,1,          ,                    
2,R3,G2,C8,   ,ZM5,N,S1,JL,3,   ,   ,   ,ACS,10002240,10002240,101793,C,816-455-8733,1,          ,                    
2,R3,G2,C8,   ,ZM5,N,S1,JL,3,   ,   ,   ,Lynn-Arthur Associates (LLA),10020171,10020171,101814,C,816-455-8733,1,          ,                    
2,R3,G2,C8,   ,ZM5,N,S1,JL,3,   ,   ,   ,SataMine,10023760,10023760,101815,C,816-455-8733,1,          ,                    
2,R3,G2,C8,   ,ZM5,N,S1,JL,3,   ,   ,   ,CAPTA,10008638,10008638,101867,C,816-455-8733,1,          ,                    
2,R3,G2,C8,   ,ZM5,N,S1,JL,3,   ,   ,   ,De La Rue (Thomas) and Company,10009662,10009662,101868,C,816-455-8733,1,          ,                    
2,R3,G2,C8,   ,ZM5,N,S1,JL,3,   ,   ,   ,e-MDs,10011198,10011198,101869,C,816-455-8733,1,          ,                    
2,R3,G2,C8,   ,ZM5,N,S1,JL,3,   ,   ,   ,Caprica  Resources,10008602,10008602,101570,C,816-455-8733,1,          ,                    
2,R3,G2,C8,   ,ZM5,N,S1,JL,3,   ,   ,   ,ediSys,10010906,10010906,101571,C,816-455-8733,1,          ,                    
2,R3,G2,C8,   ,ZM5,N,S1,JL,3,   ,   ,   ,SNC Group,10024492,10024492,101583,C,816-455-8733,1,          ,                    
2,R3,G2,C8,   ,ZM5,N,S1,JL,3,   ,   ,   ,activeDesign,10002969,10002969,101586,C,816-455-8733,1,          ,                    
2,R3,G2,C8,   ,ZM5,N,S1,JL,3,   ,   ,   ,Cam-Built Prpgramming Plus,10007577,10007577,101587,C,816-455-8733,1,          ,                    
2,R3,G2,C8,   ,ZM5,N,S1,JL,3,   ,   ,   ,TargetedListings,10025062,10025062,5554,C,816-455-8733,1,          ,                    
2,R3,G2,C8,   ,ZM5,N,S1,JL,3,   ,   ,   ,Neeka,10020647,10020647,101667,C,816-455-8733,1,          ,                    
2,R3,G2,C8,   ,ZM5,N,S1,JL,3,   ,   ,   ,U.S. Robotics,10025300,10025300,101668,C,816-455-8733,1,          ,                    
2,R3,G2,C9,   ,ZM5,N,S4,JL,1,P1,   ,   ,Aaron D. Meyer & Associates,10000472,10000472,583,C,816-455-8733,1,          ,                    
2,R3,G3,C7,   ,ZM5,N,S5,TT,4,   ,   ,   ,Pace,10021139,10021139,14466,C,816-455-8733,1,          ,                    
2,R3,G1,C7,   ,ZM4,N,S16,RN,2,   ,   ,   ,Bigelow Sandford,10006037,10006037,102137,C,816-455-8733,1,          ,                    
2,R3,G1,C7,   ,ZM4,N,S16,RN,2,   ,   ,   ,Bitstream,10006805,10006805,102138,C,816-455-8733,1,          ,                    
2,R3,G1,C7,   ,ZM2,N,S19,RN,2,   ,M1,   ,PING,10021911,10021911,500,C,816-455-8733,1,          ,                    
2,R2,G2,C7,   ,ZM6,N,S5,JL,1,   ,   ,   ,K.C. Irving,10018628,10018628,28,C,816-455-8733,1,          ,                    
2,R2,G2,C7,   ,ZM6,N,S5,JL,1,   ,   ,   ,Abbotsbury,10000480,10000480,242,C,816-455-8733,1,          ,                    
2,R2,G2,C7,   ,ZM6,N,S5,JL,1,P1,   ,   ,Hegemony,10015030,10015030,489,C,816-455-8733,1,          ,                    
2,R2,G2,C7,   ,ZM6,N,S5,JL,4,   ,   ,   ,LiveWORLD,10019909,10019909,140,C,816-455-8733,1,          ,                    
2,R2,G2,C7,   ,ZM6,N,S5,JL,2,   ,   ,   ,Debian,10009697,10009697,69,I,816-455-8733,1,          ,                    
2,R2,G2,C7,   ,ZM6,N,S5,JL,2,   ,   ,   ,Zephyr,10027348,10027348,106,I,816-455-8733,1,          ,                    
2,R2,G2,C7,   ,ZM6,N,S5,TT,1,   ,   ,   ,OutPost Network,10020931,10020931,497,C,816-455-8733,1,          ,                    
2,R2,G2,C7,   ,ZM6,N,S5,TT,1,   ,   ,   ,IBVA,10016858,10016858,2050,C,816-455-8733,1,          ,                    
2,R2,G2,C7,   ,ZM6,N,S5,TT,4,   ,   ,   ,TAGnology,10024999,10024999,128,C,816-455-8733,1,          ,                    
2,R2,G2,C7,   ,ZM6,N,S5,TT,4,   ,   ,   ,Pinnacle Micro,10021986,10021986,14303,C,816-455-8733,1,          ,                    
2,R2,G2,C7,   ,ZM6,N,S5,TT,4,   ,   ,   ,Heurikon,10015824,10015824,48111,C,816-455-8733,1,          ,                    
2,R2,G2,C7,   ,ZM6,N,S5,TT,4,   ,   ,   ,Xediom,10026532,10026532,72,C,816-455-8733,1,          ,                    
2,R2,G2,C7,   ,ZM6,N,S5,TT,4,   ,   ,   ,Capitola Works,10008593,10008593,133,C,816-455-8733,1,          ,                    
2,R2,G2,C7,   ,ZM6,N,S5,TT,4,   ,   ,   ,Abbott,10000481,10000481,138,C,816-455-8733,1,          ,                    
2,R2,G2,C7,   ,ZM6,N,S5,TT,4,   ,   ,   ,Time Warner,10025251,10025251,164,C,816-455-8733,1,          ,                    
2,R2,G2,C7,   ,ZM6,N,S5,TT,4,   ,   ,   ,zNET,10027583,10027583,70630,C,816-455-8733,1,          ,                    
2,R2,G2,C7,   ,ZM6,N,S5,TT,4,   ,   ,   ,Edna Design,10010935,10010935,291,C,816-455-8733,1,          ,                    
2,R2,G2,C7,   ,ZM6,N,S5,TT,4,   ,   ,   ,IBEX,10016784,10016784,393,C,816-455-8733,1,          ,                    
2,R2,G2,C7,   ,ZM6,N,S5,TT,4,   ,   ,   ,East,10010717,10010717,405,C,816-455-8733,1,          ,                    
2,R2,G2,C7,   ,ZM6,N,S5,TT,4,   ,   ,   ,TransCanada Pipelines Limited,10025287,10025287,455,C,816-455-8733,1,          ,                    
2,R2,G2,C7,   ,ZM6,N,S5,TT,4,   ,   ,   ,iLanguage,10017553,10017553,462,C,816-455-8733,1,          ,                    
2,R2,G2,C7,   ,ZM6,N,S5,TT,4,   ,   ,   ,Qwest,10022423,10022423,545,C,816-455-8733,1,          ,                    
2,R2,G2,C7,   ,ZM6,N,S5,TT,4,   ,   ,   ,Satyam,10023785,10023785,1000,C,816-455-8733,1,          ,                    
2,R2,G2,C7,   ,ZM6,N,S5,TT,4,   ,   ,   ,NACSCORP,10020446,10020446,29300,C,816-455-8733,1,          ,                    
2,R2,G2,C7,   ,ZM6,N,S5,TT,2,   ,   ,   ,Venable,10026062,10026062,24,C,816-455-8733,1,          ,                    
2,R2,G2,C7,   ,ZM6,N,S5,TT,2,   ,   ,   ,RC Micrographix,10022732,10022732,30,C,816-455-8733,1,          ,                    
2,R2,G2,C7,   ,ZM6,N,S5,TT,2,   ,   ,   ,Haz-Mat D-Zines,10014739,10014739,148,C,816-455-8733,1,          ,                    
2,R2,G2,C7,   ,ZM6,N,S5,TT,2,   ,   ,   ,NECX Direct,10020639,10020639,165,C,816-455-8733,1,          ,                    
2,R2,G2,C7,   ,ZM6,N,S5,TT,2,   ,   ,   ,TICOR,10025250,10025250,247,C,816-455-8733,1,          ,                    
2,R2,G2,C7,   ,ZM6,N,S5,TT,2,   ,   ,   ,Radio Progressive MontrTal,10000601,10000601,601,C,816-455-8733,1,          ,                    
2,R2,G2,C7,   ,ZM6,N,S5,TT,3,   ,   ,   ,Output Enablers,10020962,10020962,13900,C,816-455-8733,1,          ,                    
2,R2,G2,C7,   ,ZM6,N,S5,TT,3,   ,   ,   ,UNIS LUMIN,10025549,10025549,47,C,816-455-8733,1,          ,                    
2,R2,G2,C7,   ,ZM6,N,S5,TT,3,   ,   ,   ,Telesat Canada,10025247,10025247,327,C,816-455-8733,1,          ,                    
2,R2,G2,C7,   ,ZM6,N,S5,TT,3,   ,   ,   ,United Stationers,10025583,10025583,433,C,816-455-8733,1,          ,                    
2,R2,G2,C7,   ,ZM6,N,S5,TT,3,   ,   ,   ,Age,10003720,10003720,535,C,816-455-8733,1,          ,                    
2,R2,G2,C6,   ,ZM5,N,S4,JL,1,   ,   ,   ,Tampere,10025037,10025037,45,C,816-455-8733,1,          ,                    
2,R2,G2,C6,   ,ZM5,N,S4,JL,1,   ,   ,   ,United Switch,10025587,10025587,79,C,816-455-8733,1,          ,                    
2,R2,G2,C6,   ,ZM5,N,S4,JL,1,   ,   ,   ,Gulf and Western Industries,10014047,10014047,374,C,816-455-8733,1,          ,                    
2,R2,G2,C6,   ,ZM5,N,S1,JL,2,   ,   ,   ,Zilog,10027560,10027560,339,C,816-455-8733,1,          ,                    
2,R2,G2,C6,   ,ZM5,N,S3,JL,4,   ,   ,   ,Screaming Solutions Ventures,10024010,10024010,171,C,816-455-8733,1,          ,                    
2,R2,G2,C6,   ,ZM8,N,S3,TT,1,   ,   ,   ,Pacific Group,10021185,10021185,597,C,816-455-8733,1,          ,                    
2,R2,G2,C6,   ,ZM1,N,S5,JL,2,   ,   ,   ,Revolutionary Systems,10023244,10023244,37,C,816-455-8733,1,          ,                    
2,R2,G2,C6,   ,ZM1,N,S5,JL,2,   ,   ,   ,Farr Alpaca Company,10011521,10011521,46,C,816-455-8733,1,          ,                    
2,R2,G2,C6,   ,ZM1,N,S5,JL,2,   ,   ,   ,Pacel,10021145,10021145,423,C,816-455-8733,1,          ,                    
2,R2,G2,C6,   ,ZM1,N,S11,JL,3,   ,   ,   ,Tanager,10025038,10025038,19,C,816-455-8733,1,          ,                    
2,R2,G2,C6,   ,ZM1,N,S11,JL,3,   ,   ,   ,R&J,10022431,10022431,212,C,816-455-8733,1,          ,                    
2,R2,G2,C6,   ,ZM1,N,S9,JL,4,   ,   ,   ,Southwire Company,10024550,10024550,22,C,816-455-8733,1,          ,                    
2,R2,G2,C6,   ,ZM1,N,S9,JL,4,   ,   ,   ,Packard Bell,10021231,10021231,70,C,816-455-8733,1,          ,                    
2,R2,G2,C6,   ,ZM1,N,S9,JL,4,   ,   ,   ,Southam Inc.,10024524,10024524,89,C,816-455-8733,1,          ,                    
2,R2,G2,C6,   ,ZM1,N,S9,JL,4,   ,   ,   ,RC,10022730,10022730,156,C,816-455-8733,1,          ,                    
2,R2,G2,C6,   ,ZM1,N,S9,JL,4,   ,   ,   ,Cambio,10007566,10007566,256,C,816-455-8733,1,          ,                    
2,R2,G2,C6,   ,ZM1,N,S9,JL,4,   ,   ,   ,EDS,10010974,10010974,372,C,816-455-8733,1,          ,                    
2,R2,G2,C6,   ,ZM1,N,S9,JL,4,   ,   ,   ,A-ARVIN Laser Resources,10000474,10000474,513,C,816-455-8733,1,          ,                    
2,R2,G2,C6,   ,ZM1,N,S9,JL,2,   ,   ,   ,Del Monte Corporation,10009907,10009907,539,C,816-455-8733,1,          ,                    
2,R2,G2,C6,   ,ZM1,N,S1,JL,2,   ,   ,   ,CAM Group,10007564,10007564,365,C,816-455-8733,1,          ,                    
2,R2,G2,C6,   ,ZM1,N,S1,JL,2,   ,   ,   ,K International,10018580,10018580,408,C,816-455-8733,1,          ,                    
2,R2,G2,C6,   ,ZM1,N,S2,JL,2,   ,   ,   ,Edify,10010897,10010897,135,C,816-455-8733,1,          ,                    
2,R2,G2,C6,   ,ZM1,N,S2,JL,2,   ,   ,   ,Savetz Publishing,10023793,10023793,225,C,816-455-8733,1,          ,                    
2,R2,G2,C6,   ,ZM1,N,S2,JL,2,   ,   ,   ,Scottish Highlands and Islands server,10024009,10024009,272,C,816-455-8733,1,          ,                    
2,R2,G2,C1,   ,ZM8,N,S3,TT,1,   ,   ,   ,Ben and Jerry’s,10004245,10004245,102128,C,816-455-8733,1,          ,                    
2,R2,G2,C1,   ,ZM8,N,S3,TT,1,   ,   ,   ,Scientific Atlanta,10024003,10024003,600,C,816-455-8733,1,          ,                    
2,R2,G2,C1,   ,ZM8,N,S3,TT,2,   ,   ,   ,ReviewBooth,10023235,10023235,598,C,816-455-8733,1,          ,                    
2,O2,G2,C1,   ,ZM6,N,S12,OE,1,   ,   ,   ,KentISP,10019109,10019109,101336,C,816-455-8733,1,          ,                    
2,O2,G2,C1,   ,ZM6,N,S12,OE,1,   ,   ,   ,Pacific Voice,10021203,10021203,101386,C,816-455-8733,1,          ,                    
2,O2,G2,C1,   ,ZM6,N,S12,OE,4,   ,   ,   ,Harte-Hanks (formerly Locator),10014469,10014469,14301,C,816-455-8733,1,          ,                    
2,O2,G2,C1,   ,ZM6,N,S12,OE,4,   ,   ,   ,Harvey,10014533,10014533,101349,C,816-455-8733,1,          ,                    
2,O2,G2,C1,   ,ZM6,N,S12,OE,4,   ,   ,   ,Xilinx,10026606,10026606,25470,C,816-455-8733,1,          ,                    
2,O2,G2,C1,   ,ZM6,N,S12,OE,4,   ,   ,   ,Karsing,10018871,10018871,25520,C,816-455-8733,1,          ,                    
2,O2,G2,C1,   ,ZM6,N,S12,OE,4,   ,   ,   ,Xentec,10026560,10026560,25526,C,816-455-8733,1,          ,                    
2,O2,G2,C1,   ,ZM6,N,S12,OE,4,   ,   ,   ,R.J. Matter & Associates,10022444,10022444,99985,C,816-455-8733,1,          ,                    
2,O2,G2,C1,   ,ZM6,N,S12,OE,4,   ,   ,   ,PacificServ,10021223,10021223,581,C,816-455-8733,1,          ,                    
2,O2,G2,C1,   ,ZM6,N,S12,OE,4,   ,   ,   ,Sigma,10024255,10024255,29815,C,816-455-8733,1,          ,                    
2,O2,G2,C1,   ,ZM6,N,S12,OE,2,   ,   ,   ,Matradi,10020184,10020184,61620,C,816-455-8733,1,          ,                    
2,O2,G2,C1,   ,ZM6,N,S12,OE,2,   ,   ,   ,Gate,10013252,10013252,101339,C,816-455-8733,1,          ,                    
2,O2,G2,C1,   ,ZM6,N,S12,OE,2,   ,   ,   ,Kentucky Utilities Company,10019150,10019150,101352,C,816-455-8733,1,          ,                    
2,O2,G2,C1,   ,ZM6,N,S12,OE,2,   ,   ,   ,Papyrus,10021459,10021459,101401,C,816-455-8733,1,          ,                    
2,O2,G2,C1,   ,ZM6,N,S12,OE,2,   ,   ,   ,Holy  Developers,10016542,10016542,101526,C,816-455-8733,1,          ,                    
2,O2,G2,C1,   ,ZM6,N,S12,OE,2,   ,   ,   ,ACS  Shop,10002244,10002244,101623,C,816-455-8733,1,          ,                    
2,O2,G2,C1,   ,ZM6,N,S12,OE,3,   ,   ,   ,Litton FiberCom,10019880,10019880,101396,C,816-455-8733,1,          ,                    
2,R1,G2,C7,   ,ZM6,N,S4,JV,1,   ,   ,   ,PAP (Maintenance),10021422,10021422,87500,C,816-455-8733,1,          ,                    
2,R1,G2,C6,   ,ZM1,N,S5,JL,2,P1,   ,   ,K&M Enterprises,10018623,10018623,371,C,816-455-8733,1,          ,                    
2,R1,G2,C6,   ,ZM6,N,S4,JV,4,   ,   ,   ,Fins,10012425,10012425,482,C,816-455-8733,1,          ,                    
2,R1,G2,C1,   ,ZM6,N,S22,JV,4,P1,   ,   ,Paracel,10021485,10021485,353,C,816-455-8733,1,          ,                    
2,R1,G2,C1,   ,ZM6,N,S22,JV,2,   ,   ,   ,DDR,10009660,10009660,102103,C,816-455-8733,1,          ,                    
2,R1,G2,C2,   ,ZM6,N,S20,JV,1,P1,   ,   ,J. S. Lee Associates,10017828,10017828,97700,C,816-455-8733,1,          ,                    
2,R1,G2,C2,   ,ZM6,N,S20,JV,1,P1,   ,   ,Screen Saver.com,10024022,10024022,97800,C,816-455-8733,1,          ,                    
2,R1,G2,C2,   ,ZM6,N,S20,JV,4,P1,   ,   ,Renegade info Crew,10023023,10023023,387,C,816-455-8733,1,          ,                    
2,R1,G2,C2,   ,ZM6,N,S20,JV,2,   ,   ,   ,UniPress,10025515,10025515,101719,C,816-455-8733,1,          ,                    
2,R1,G2,C3,   ,ZM6,N,S20,JV,4,   ,   ,   ,Ferst,10011923,10011923,102205,C,816-455-8733,1,          ,                    
2,R1,G2,C3,   ,ZM6,N,S20,JV,4,   ,   ,   ,"Koppers Company, Inc.",10019664,10019664,97600,C,816-455-8733,1,          ,                    
2,R1,G2,C3,   ,ZM6,N,S20,JV,3,   ,   ,   ,HMR,10016303,10016303,596,C,816-455-8733,1,          ,                    
2,R1,G2,C3,   ,ZM7,N,S11,JV,1,   ,   ,   ,EDGE Systems,10010886,10010886,1400,C,816-455-8733,1,          ,                    
2,R1,G2,C3,   ,ZM7,N,S11,JV,1,P1,   ,   ,Betacorp,10005006,10005006,312,C,816-455-8733,1,          ,                    
2,R1,G2,C3,   ,ZM7,N,S11,JV,4,   ,   ,   ,Tandy Corporation,10025039,10025039,102096,C,816-455-8733,1,          ,                    
2,R1,G2,C3,   ,ZM7,N,S11,JV,4,P1,   ,   ,Gastown space,10013238,10013238,301,C,816-455-8733,1,          ,                    
2,R1,G2,C3,   ,ZM7,N,S11,JV,4,P1,   ,   ,Central Soya Company,10009356,10009356,369,C,816-455-8733,1,          ,                    
2,R1,G2,C3,   ,ZM7,N,S11,JV,4,P1,   ,   ,QualServe,10022168,10022168,466,C,816-455-8733,1,          ,                    
2,R1,G2,C3,   ,ZM7,N,S11,JV,4,P1,   ,   ,Icon,10017036,10017036,580,C,816-455-8733,1,          ,                    
2,R1,G2,C3,   ,ZM7,N,S11,JV,2,P1,   ,   ,Salamander Junction,10023538,10023538,76,C,816-455-8733,1,          ,                    
2,R1,G2,C3,   ,ZM7,N,S11,JV,2,P1,   ,   ,Texasgulf Inc.,10025249,10025249,249,C,816-455-8733,1,          ,                    
2,R1,G2,C3,   ,ZM7,N,S11,JV,2,P1,   ,   ,Revnet Systems,10023241,10023241,263,C,816-455-8733,1,          ,                    
2,R4,G2,C7,   ,ZM6,N,S18,DB,1,   ,   ,   ,Panngea,10021412,10021412,101905,C,816-455-8733,1,          ,                    
2,R4,G2,C7,   ,ZM6,N,S18,DB,2,   ,   ,   ,Capitolnet Marketing Group (CMG),10008596,10008596,102203,C,816-455-8733,1,          ,                    
2,O1,G2,C1,   ,ZM6,N,S5,OE,4,   ,   ,   ,Onestar,10020909,10020909,90034,C,816-455-8733,1,          ,                    
2,O1,G2,C1,   ,ZM6,N,S5,OE,4,   ,   ,   ,Healtheon,10014810,10014810,571,C,816-455-8733,1,          ,                    
2,O1,G2,C1,   ,ZM6,N,S5,OE,2,   ,   ,   ,WDND,10026348,10026348,555,C,816-455-8733,1,          ,                    
