Ship To,Ship To Customer Address 1,Ship To Customer Address 2,Ship To Customer Address 3,Ship To Customer Address 4,Ship To Zip Code,Ship To City,Ship To County,Ship To State,Ship To Country,Ship To Zip Code Short
10025919,801 West Artesia Boulevard,                                        ,                                        ,                                        ,90220,Compton,                         ,CA,US,90220
10025249,7221 Highway 64,                                        ,                                        ,                                        ,38133,Memphis,                         ,TN,US,38133
10025249,7221 Highway 64,                                        ,                                        ,                                        ,38133,Memphis,                         ,TN,US,38133
10007121,5711 West 36th Street,                                        ,                                        ,                                        ,55416,St Louis Park,                         ,MN,US,55416
10025264,3545 South Richey Boulevard,                                        ,                                        ,                                        ,85713,Tuscon,                         ,AZ,US,85713
10025051,1301 East 64th Avenue,                                        ,                                        ,                                        ,99518,Anchorage,                         ,AK,US,99518
10010886,522 Montana Avenue,                                        ,                                        ,                                        ,59923,Libby,                         ,MT,US,59923
10010886,522 Montana Avenue,                                        ,                                        ,                                        ,59923,Libby,                         ,MT,US,59923
10027050,3204 W Mill Road,                                        ,                                        ,                                        ,53209,Milwaukie,                         ,WI,US,53209
10027050,3204 W Mill Road,                                        ,                                        ,                                        ,53209,Milwaukie,                         ,WI,US,53209
10000466,3213 Orange Grove Avenue,                                        ,                                        ,                                        ,95660,North Highlands,                         ,CA,US,95660
10018665,1028 Saunders Lane,                                        ,                                        ,                                        ,19380,Wester Chester,                         ,PA,US,19380
10018665,1028 Saunders Lane,                                        ,                                        ,                                        ,19380,Wester Chester,                         ,PA,US,19380
10024246,580 Waterman Avenue,                                        ,                                        ,                                        ,02914,East Providence,                         ,RI,US,02914
10021986,S&PD-Special Accounts Sales,PO Box 537940,                                        ,                                        ,48153-7940,Livonia,                         ,MI,US,48153
10021986,S&PD-Special Accounts Sales,PO Box 537940,                                        ,                                        ,48153-7940,Livonia,                         ,MI,US,48153
10025285,2401 East 31st Street,PO Box 72638,                                        ,                                        ,37407,Chattanooga,                         ,TN,US,37407
10025285,2401 East 31st Street,PO Box 72638,                                        ,                                        ,37407,Chattanooga,                         ,TN,US,37407
10020184,Corporation USA,Nissan Drive,                                        ,                                        ,37167,Smyrna,                         ,TN,US,37167
10002765,4760 NW 165th Street,                                        ,                                        ,                                        ,33014,Hialeah,                         ,FL,US,33014
10023471,915 West 42nd,                                        ,                                        ,                                        ,79764,Odessa,                         ,TX,US,79764
10026299,334 North Hall Street,                                        ,                                        ,                                        ,75226,Dallas,                         ,TX,US,75226
10025025,2402 West Valley Highway North,                                        ,                                        ,                                        ,98001,Auburn,                         ,WA,US,98001
10025025,2402 West Valley Highway North,                                        ,                                        ,                                        ,98001,Auburn,                         ,WA,US,98001
10002969,12000 Balls Ford Road,                                        ,                                        ,                                        ,20109,Manassas,                         ,VA,US,20109
10023003,400 Jay Street,                                        ,                                        ,                                        ,49036,Coldwater,                         ,MI,US,49036
10025248,730 North Central,                                        ,                                        ,                                        ,98032,Kent,                         ,WA,US,98032
10025248,730 North Central,                                        ,                                        ,                                        ,98032,Kent,                         ,WA,US,98032
10014495,12900 SE Capps Road,                                        ,                                        ,                                        ,97015,Clackamas,                         ,OR,US,97015
10014495,12900 SE Capps Road,                                        ,                                        ,                                        ,97015,Clackamas,                         ,OR,US,97015
10022750,8300 Lane Drive,                                        ,                                        ,                                        ,49098,Watervliet,                         ,MI,US,49098
10011398,1942 W 11th Avenue,                                        ,                                        ,                                        ,97402-3519,Eugene,                         ,OR,US,97402
10011398,1942 W 11th Avenue,                                        ,                                        ,                                        ,97402-3519,Eugene,                         ,OR,US,97402
10025022,Bromley St Lye Stourbridge,                                        ,                                        ,                                        ,DY9 8HS,West Midlands,                         ,,GB,DY9 8
10026839,1201 Sycamore Avenue,                                        ,                                        ,                                        ,38930,Greenwood,                         ,MS,US,38930
10026839,1201 Sycamore Avenue,                                        ,                                        ,                                        ,38930,Greenwood,                         ,MS,US,38930
10006805,1801 NW 82nd Ave,                                        ,                                        ,                                        ,33126,Miami,                         ,FL,US,33126
10025049,13270 SE Pheasant Court,                                        ,                                        ,                                        ,97222,Milwaukie,                         ,OR,US,97222
10025049,13270 SE Pheasant Court,                                        ,                                        ,                                        ,97222,Milwaukie,                         ,OR,US,97222
10021470,815 Hellam Street,                                        ,                                        ,                                        ,17368,Wrightsville,                         ,PA,US,17368
10014546,Division of Western Truck Sales Inc,3530 East Washington Street,                                        ,                                        ,85034,Phoenix,                         ,AZ,US,85034
10027560,3356 Kermit Highway,                                        ,                                        ,                                        ,79764,Odessa,                         ,TX,US,79764
10027560,3356 Kermit Highway,                                        ,                                        ,                                        ,79764,Odessa,                         ,TX,US,79764
10019388,1101 N College Avenue,                                        ,                                        ,                                        ,80524,Ft Collins,                         ,CO,US,80524
10019388,1101 N College Avenue,                                        ,                                        ,                                        ,80524,Ft Collins,                         ,CO,US,80524
10022444,Detroit Technical Center,37002 Industrial Road,                                        ,                                        ,48150,Livonia,                         ,MI,US,48150
10016858,6590 SW Fallbrook Place,(Commercial Industrial),                                        ,                                        ,97008,Beaverton,                         ,OR,US,97008
10016858,6590 SW Fallbrook Place,(Commercial Industrial),                                        ,                                        ,97008,Beaverton,                         ,OR,US,97008
10020446,Worldwide Purchasing,1999 Center Point Parkway,Mail Code 483-550-200,                                        ,48341,Pontiac,                         ,MI,US,48341
10009643,4103 Holiday Drive,                                        ,                                        ,                                        ,48507,Flint,                         ,MI,US,48507
10021139,PO Box 3382,Attention  Accounts Payable,                                        ,                                        ,48151,Livonia,                         ,MI,US,48151
10021139,PO Box 3382,Attention  Accounts Payable,                                        ,                                        ,48151,Livonia,                         ,MI,US,48151
10022183,1760 C Airport Road,                                        ,                                        ,                                        ,80424,Breckenridge,                         ,CO,US,80424
10009631,1477 Davril Circle,                                        ,                                        ,                                        ,92880,Corona,                         ,CA,US,92880
10025560,125 Hampton Ct.,                                        ,                                        ,                                        ,28032,Cramerton,                         ,NC,US,28032
10011997,2177 Dale Avenue SE,                                        ,                                        ,                                        ,24013,Roanoke,                         ,VA,US,24013
10011997,2177 Dale Avenue SE,                                        ,                                        ,                                        ,24013,Roanoke,                         ,VA,US,24013
10016588,6025 Corridor Parkway,                                        ,                                        ,                                        ,78154-3214,Schertz,                         ,TX,US,78154
10005006,601 East Gowen Road,                                        ,                                        ,                                        ,83716,Boise,                         ,ID,US,83716
10005006,601 East Gowen Road,                                        ,                                        ,                                        ,83716,Boise,                         ,ID,US,83716
10020962,7320 West Market Street,                                        ,                                        ,                                        ,16137,Mercer,                         ,PA,US,16137
10020962,7320 West Market Street,                                        ,                                        ,                                        ,16137,Mercer,                         ,PA,US,16137
10025021,1151 W Main,                                        ,                                        ,                                        ,54115,Depere,                         ,WI,US,54115
10012226,Worldwide Purchasing,1996 Technology Drive,Mail Code 483-619-114,                                        ,48083,Troy,                         ,MI,US,48083
10025558,6104 Young Road,                                        ,                                        ,                                        ,72209,Little Rock,                         ,AR,US,72209
10025778,1143 W 2nd Street,                                        ,                                        ,                                        ,91766,Pomona,                         ,CA,US,91766
10017036,580 Yankee Doodle Rd Ste 1200,                                        ,                                        ,                                        ,55121,Eagan,                         ,MN,US,55121
10017036,580 Yankee Doodle Rd Ste 1200,                                        ,                                        ,                                        ,55121,Eagan,                         ,MN,US,55121
10027381,2649 R W Johnson Boulevard,                                        ,                                        ,                                        ,98512,Tumwater,                         ,WA,US,98512
10027381,2649 R W Johnson Boulevard,                                        ,                                        ,                                        ,98512,Tumwater,                         ,WA,US,98512
10019879,3564 Buford Highway,                                        ,                                        ,                                        ,30096,Duluth,                         ,GA,US,30096
10020393,2649 East Mulberry Street,                                        ,                                        ,                                        ,80524,Fort Collins,                         ,CO,US,80524
10022730,21533 Mound Road,                                        ,                                        ,                                        ,48091-2991,Warren,                         ,MI,US,48091
10022730,21533 Mound Road,                                        ,                                        ,                                        ,48091-2991,Warren,                         ,MI,US,48091
10023509,513 West Waters Avenue,                                        ,                                        ,                                        ,33604,Tampa,                         ,FL,US,33604
10006846,1023 Kansas Avenue,                                        ,                                        ,                                        ,95351,Modesto,                         ,CA,US,95351
10021415,100 Gasoline Alley  Suite A,                                        ,                                        ,                                        ,46222,Indianopolis,                         ,IN,US,46222
10006862,4410 Highway 80 East,                                        ,                                        ,                                        ,39209,Pearl,                         ,MS,US,39209
10027340,63 Bridge Street,                                        ,                                        ,                                        ,01970,Salem,                         ,MA,US,01970
10027340,63 Bridge Street,                                        ,                                        ,                                        ,01970,Salem,                         ,MA,US,01970
10000460,709 Rivergate Parkway,                                        ,                                        ,                                        ,37072,Goodlettsville,                         ,TN,US,37072
10025305,4260 North Nevada Avenue,                                        ,                                        ,                                        ,80907,Colorado Springs,                         ,CO,US,80907
10020192,3248 Auburn Boulevard,                                        ,                                        ,                                        ,95821,Sacramento,                         ,CA,US,95821
10020192,3248 Auburn Boulevard,                                        ,                                        ,                                        ,95821,Sacramento,                         ,CA,US,95821
10004302,9555 Airline Highway,                                        ,                                        ,                                        ,70815,Baton Rouge,                         ,LA,US,70815
10022456,3340 A Sunrise Boulevard,                                        ,                                        ,                                        ,95742-7316,Rancho Cordova,                         ,CA,US,95742
10014469,Accounting Department Service & Parts,PO Box 537940,                                        ,                                        ,48153-7940,Livonia,                         ,MI,US,48153
10014469,Accounting Department Service & Parts,PO Box 537940,                                        ,                                        ,48153-7940,Livonia,                         ,MI,US,48153
10008134,23308 Airpark Drive,                                        ,                                        ,                                        ,23803,Petersburg,                         ,VA,US,23803
10025583,One Industrial Complex,                                        ,                                        ,                                        ,18240,Nesquehoning,                         ,PA,US,18240
10025583,One Industrial Complex,                                        ,                                        ,                                        ,18240,Nesquehoning,                         ,PA,US,18240
10024999,RR 2 BOX 9,                                        ,                                        ,                                        ,57422-8811,Andover,                         ,SD,US,57422
10024999,RR 2 BOX 9,                                        ,                                        ,                                        ,57422-8811,Andover,                         ,SD,US,57422
10025552,Order Processing Group,25140 Lahser Road Suite 282,                                        ,                                        ,48034,Southfield,                         ,MI,US,48034
10023715,Central Division,PO BOX 600,                                        ,                                        ,46168-0600,Plainfield,                         ,IN,US,46168
10023715,Central Division,PO BOX 600,                                        ,                                        ,46168-0600,Plainfield,                         ,IN,US,46168
10021911,Cnr Avalon Drv & Tasman Road,PO Box 20077,                                        ,                                        ,            ,Te Rapa Hamilton,                         ,MS,US,     
10021911,Cnr Avalon Drv & Tasman Road,PO Box 20077,                                        ,                                        ,            ,Te Rapa Hamilton,                         ,MS,US,     
10021911,PO Box 2187,                                        ,                                        ,                                        ,38803-2187,Tupelo,                         ,MS,US,38803
10024262,124 Hegenberger Loop,                                        ,                                        ,                                        ,94621,Oakland,                         ,CA,US,94621
10024262,124 Hegenberger Loop,                                        ,                                        ,                                        ,94621,Oakland,                         ,CA,US,94621
10025251,A Scott Fetzer Company,3201 West Old Lincoln Way,                                        ,                                        ,44691,Wooster,                         ,OH,US,44691
10025251,A Scott Fetzer Company,3201 West Old Lincoln Way,                                        ,                                        ,44691,Wooster,                         ,OH,US,44691
10027348,6501 Adamo Drive,                                        ,                                        ,                                        ,33619,Tampa,                         ,FL,US,33619
10027348,6501 Adamo Drive,                                        ,                                        ,                                        ,33619,Tampa,                         ,FL,US,33619
10007355,3601 Amarillo Boulevard East,                                        ,                                        ,                                        ,79107,Amarillo,                         ,TX,US,79107
10007355,3601 Amarillo Boulevard East,                                        ,                                        ,                                        ,79107,Amarillo,                         ,TX,US,79107
10025033,226 North 13th,                                        ,                                        ,                                        ,59101,Billings,                         ,MT,US,59101
10025033,226 North 13th,                                        ,                                        ,                                        ,59101,Billings,                         ,MT,US,59101
10023241,7700 Counts Massie Road,                                        ,                                        ,                                        ,72113,North Little Rock,                         ,AR,US,72113
10023241,7700 Counts Massie Road,                                        ,                                        ,                                        ,72113,North Little Rock,                         ,AR,US,72113
10000601,1550 Aereli Avenue,                                        ,                                        ,                                        ,27522,Creedmoor,                         ,NC,US,27522
10000601,1550 Aereli Avenue,                                        ,                                        ,                                        ,27522,Creedmoor,                         ,NC,US,27522
10000475,5745 N Tryon Street,                                        ,                                        ,                                        ,28213,Charlotte,                         ,NC,US,28213
10000475,5745 N Tryon Street,                                        ,                                        ,                                        ,28213,Charlotte,                         ,NC,US,28213
10020663,540 South Rock Boulevard,                                        ,                                        ,                                        ,89431,Sparks,                         ,NV,US,89431
10021418,10930 West 44th Avenue,                                        ,                                        ,                                        ,80033,Wheatridge,                         ,CO,US,80033
10019665,7940 New Jersey Avenue,                                        ,                                        ,                                        ,46323,Hammond,                         ,IN,US,46323
10025238,4567 Federal Boulevard,                                        ,                                        ,                                        ,92102,San Diego,                         ,CA,US,92102
10025238,4567 Federal Boulevard,                                        ,                                        ,                                        ,92102,San Diego,                         ,CA,US,92102
10022423,12110 Best Place,                                        ,                                        ,                                        ,45241,Cincinnati,                         ,OH,US,45241
10022423,12110 Best Place,                                        ,                                        ,                                        ,45241,Cincinnati,                         ,OH,US,45241
10025036,1920 East Front Street,                                        ,                                        ,                                        ,64139-1538,Kansas City,                         ,MO,US,64139
10025036,1920 East Front Street,                                        ,                                        ,                                        ,64139-1538,Kansas City,                         ,MO,US,64139
10014739,Division of Parkhurst,15051 E Admiral Place,                                        ,                                        ,74116,Tulsa,                         ,OK,US,74116
10014739,Division of Parkhurst,15051 E Admiral Place,                                        ,                                        ,74116,Tulsa,                         ,OK,US,74116
10000478,8120 E Doyle Springs Road,                                        ,                                        ,                                        ,72209,Little Rock,                         ,AR,US,72209
10000478,8120 E Doyle Springs Road,                                        ,                                        ,                                        ,72209,Little Rock,                         ,AR,US,72209
10018628,12805 SW 77th Place,                                        ,                                        ,                                        ,97223,Tigard,                         ,OR,US,97223
10018628,12805 SW 77th Place,                                        ,                                        ,                                        ,97223,Tigard,                         ,OR,US,97223
10026355,1275 North 6 Mile Road,                                        ,                                        ,                                        ,82604,Casper,                         ,WY,US,82604
10026355,1275 North 6 Mile Road,                                        ,                                        ,                                        ,82604,Casper,                         ,WY,US,82604
10025040,6127 San Pedro Avenue,                                        ,                                        ,                                        ,78216,San Antonio,                         ,TX,US,78216
10021936,7779 Dixie Highway,                                        ,                                        ,                                        ,40258,Louisville,                         ,KY,US,40258
10014803,3056 Eastern Avenue SE,                                        ,                                        ,                                        ,49508,Grand Rapids,                         ,MI,US,49508
10025515,3650 Bay Street,                                        ,                                        ,                                        ,39213,Jackson,                         ,MS,US,39213
10022431,845 Third Street,                                        ,                                        ,                                        ,24179,Vinton,                         ,VA,US,24179
10022431,845 Third Street,                                        ,                                        ,                                        ,24179,Vinton,                         ,VA,US,24179
10010935,877 1st Avenue NW,                                        ,                                        ,                                        ,51250,Sioux Center,                         ,IA,US,51250
10010935,877 1st Avenue NW,                                        ,                                        ,                                        ,51250,Sioux Center,                         ,IA,US,51250
10016548,4700 Rangeline Road,                                        ,                                        ,                                        ,36619,Mobile,                         ,AL,US,36619
10009679,2400 Highway 19N,                                        ,                                        ,                                        ,39307,Meridian,                         ,MS,US,39307
10016045,1051 West 7th Street,Building # 2,                                        ,                                        ,53566,Monroe,                         ,WI,US,53566
10025302,4345 South West Boulevard,                                        ,                                        ,                                        ,74107,Tulsa,                         ,OK,US,74107
10009985,PO Drawer 40,                                        ,                                        ,                                        ,84084,West Jordan,                         ,UT,US,84084
10009985,PO Drawer 40,                                        ,                                        ,                                        ,84084,West Jordan,                         ,UT,US,84084
10025291,217 West 3rd Street,                                        ,                                        ,                                        ,44622,Dover,                         ,OH,US,44622
10025291,217 West 3rd Street,                                        ,                                        ,                                        ,44622,Dover,                         ,OH,US,44622
10023513,640 N Eldorado Street,                                        ,                                        ,                                        ,95205,Stockton,                         ,CA,US,95205
10025039,9049 Tyler Blvd.,                                        ,                                        ,                                        ,44060,Mentor,                         ,OH,US,44060
10024499,8302 Jet Pilot,                                        ,                                        ,                                        ,77075,Houston,                         ,TX,US,77075
10008893,508 South First Street,                                        ,                                        ,                                        ,98901,Yakama,                         ,WA,US,98901
10023759,106 B David Green Road,                                        ,                                        ,                                        ,35244,Birmingham,                         ,AL,US,35244
10020915,2600 West Route 120,                                        ,                                        ,                                        ,60050,McHenry,                         ,IL,US,60050
10009672,Attention: Accounts Payable,PO Box 21502,                                        ,                                        ,85036,Phoenix,                         ,AZ,US,85036
10009672,Attention: Accounts Payable,PO Box 21502,                                        ,                                        ,85036,Phoenix,                         ,AZ,US,85036
10023516,2900 Northwest 73rd Street,                                        ,                                        ,                                        ,33147,Miami,                         ,FL,US,33147
10011459,901 Oak Ridge Turnpike,                                        ,                                        ,                                        ,37830,Oak Ridge,                         ,TN,US,37830
10021458,1817 East Yellowstone,                                        ,                                        ,                                        ,82601,Casper,                         ,WY,US,82601
10026536,3241 South Lower Tug Fork Road,                                        ,                                        ,                                        ,41001,Alexandria,                         ,KY,US,41001
10020390,16241 South Us 27,                                        ,                                        ,                                        ,48906,Lansing,                         ,MI,US,48906
10019942,299 East Country Road 300 South,                                        ,                                        ,                                        ,47362,New Castle,                         ,IN,US,47362
10019942,299 East Country Road 300 South,                                        ,                                        ,                                        ,47362,New Castle,                         ,IN,US,47362
10013509,207 North Scott,                                        ,                                        ,                                        ,60435,Joliet,                         ,IL,US,60435
10021996,8 N Industrial Park Road,                                        ,                                        ,                                        ,17847,Milton,                         ,PA,US,17847
10021996,8 N Industrial Park Road,                                        ,                                        ,                                        ,17847,Milton,                         ,PA,US,17847
10021185,7440 South West Bonita Road,                                        ,                                        ,                                        ,97224,Tigard,                         ,OR,US,97224
10021185,7440 South West Bonita Road,                                        ,                                        ,                                        ,97224,Tigard,                         ,OR,US,97224
10025284,19745 Meekland Avenue,                                        ,                                        ,                                        ,94541,Hayward,                         ,CA,US,94541
10025284,19745 Meekland Avenue,                                        ,                                        ,                                        ,94541,Hayward,                         ,CA,US,94541
10009657,12 Lexington Street,                                        ,                                        ,                                        ,04240,Lewiston,                         ,ME,US,04240
10009657,12 Lexington Street,                                        ,                                        ,                                        ,04240,Lewiston,                         ,ME,US,04240
10010974,13296 County Highway 00,                                        ,                                        ,                                        ,54729,Chippewa Falls,                         ,WI,US,54729
10010974,13296 County Highway 00,                                        ,                                        ,                                        ,54729,Chippewa Falls,                         ,WI,US,54729
10022725,1723 Webb Drive,                                        ,                                        ,                                        ,30093,Norcross,                         ,GA,US,30093
10022725,1723 Webb Drive,                                        ,                                        ,                                        ,30093,Norcross,                         ,GA,US,30093
10009156,DBA Badlands Off Road Park,3968 North Xavier Road,                                        ,                                        ,47918,Attica,                         ,IN,US,47918
10016303,60 Depot Street,                                        ,                                        ,                                        ,14206,Buffalo,                         ,NY,US,14206
10016303,60 Depot Street,                                        ,                                        ,                                        ,14206,Buffalo,                         ,NY,US,14206
10013467,2015 San Juan Boulevard,                                        ,                                        ,                                        ,87401,Farmington,                         ,NM,US,87401
10000472,8000 Haskell Avenue,                                        ,                                        ,                                        ,91406,Van Nuys,                         ,CA,US,91406
10000472,8000 Haskell Avenue,                                        ,                                        ,                                        ,91406,Van Nuys,                         ,CA,US,91406
10000455,7392 Count Circle,                                        ,                                        ,                                        ,92647,Huntington Beach,                         ,CA,US,92647
10019897,7210 Gateway East,                                        ,                                        ,                                        ,79915,El Paso,                         ,TX,US,79915
10021412,13101 SE 84th ave,Suite B,                                        ,                                        ,97015-9733,Clackamas,                         ,OR,US,97015
10010698,17010 S Main Street,PO Box 88,                                        ,                                        ,90248,Gardena,                         ,CA,US,90248
10021962,99 Calais Road,                                        ,                                        ,                                        ,04730,Hodgdon,                         ,ME,US,04730
10027356,910 North East 4th Street,                                        ,                                        ,                                        ,55744,Grand Rapids,                         ,MN,US,55744
10022764,2610 NW 10th Street,                                        ,                                        ,                                        ,34475,Ocala,                         ,FL,US,34475
10022764,2610 NW 10th Street,                                        ,                                        ,                                        ,34475,Ocala,                         ,FL,US,34475
10022470,Attention: Linda,100 Business Center Drive,                                        ,                                        ,32176,Ormond Beach,                         ,FL,US,32176
10022470,Attention: Linda,100 Business Center Drive,                                        ,                                        ,32176,Ormond Beach,                         ,FL,US,32176
10021222,14296 South Pony Express Road,                                        ,                                        ,                                        ,84065,Buffdale,                         ,UT,US,84065
10021222,14296 South Pony Express Road,                                        ,                                        ,                                        ,84065,Buffdale,                         ,UT,US,84065
10017072,4200 S Morgan Street,                                        ,                                        ,                                        ,60609,Chicago,                         ,IL,US,60609
10020647,Attention: Mr. Bob Smeigh,712 West Main Street,                                        ,                                        ,17055,Mechanicsburg,                         ,PA,US,17055
10013472,3343 Shelby Street,                                        ,                                        ,                                        ,46227,Indianapolis,                         ,IN,US,46227
10018623,17 Perry Road,                                        ,                                        ,                                        ,39440,Laurel,                         ,MS,US,39440
10018623,17 Perry Road,                                        ,                                        ,                                        ,39440,Laurel,                         ,MS,US,39440
10019400,861 West US Highway 30,                                        ,                                        ,                                        ,46385,Valparaiso,                         ,IN,US,46385
10019617,2445 FM 2920,                                        ,                                        ,                                        ,77388,Spring,                         ,TX,US,77388
10019664,PO BOX 8808,C/O APSS,Dept. 551,                                        ,61266-8808,MOLINE,                         ,IL,US,61266
10025034,395 Smitty Way,                                        ,                                        ,                                        ,91720,Corona,                         ,CA,US,91720
10025034,395 Smitty Way,                                        ,                                        ,                                        ,91720,Corona,                         ,CA,US,91720
10025300,Attention: Paul Grady,105 Montauk Highway,                                        ,                                        ,11796,West Sayville,                         ,NY,US,11796
10021184,14312 Stenbock Way NE #F,                                        ,                                        ,                                        ,97002,Aurora,                         ,OR,US,97002
10021184,14312 Stenbock Way NE #F,                                        ,                                        ,                                        ,97002,Aurora,                         ,OR,US,97002
10008638,301 Iddings Street,PO Box 865,                                        ,                                        ,16853,Milesburg,                         ,PA,US,16853
10019105,6029 Mechanicsville Pike,                                        ,                                        ,                                        ,23111,Mechanicsville,                         ,VA,US,23111
10014533,Chicago PDC #22,Attention  Accounts Payable,PO Box 2060,                                        ,60507-2060,Aurora,                         ,IL,US,60507
10016334,Attention Accounts Payable Department,PO Box 12990,                                        ,                                        ,66282-2990,Overland Park,                         ,KS,US,66282
10007566,2106 South Riverside Road,                                        ,                                        ,                                        ,64507-9799,St Joseph,                         ,MO,US,64507
10007566,2106 South Riverside Road,                                        ,                                        ,                                        ,64507-9799,St Joseph,                         ,MO,US,64507
10026606,Central Accounting Service,PO Box 6005,                                        ,                                        ,48121,Dearborn,                         ,MI,US,48121
10014804,Attention: Ann Borden,PO Box 31435,                                        ,                                        ,71130,Shreveport,                         ,LA,US,71130
10014804,Attention: Ann Borden,PO Box 31435,                                        ,                                        ,71130,Shreveport,                         ,LA,US,71130
10010970,1477 E Highway 356,                                        ,                                        ,                                        ,75060,Irving,                         ,TX,US,75060
10010970,1477 E Highway 356,                                        ,                                        ,                                        ,75060,Irving,                         ,TX,US,75060
10021175,PO Box 5418,                                        ,                                        ,                                        ,37602-5418,Johnson City,                         ,TN,US,37602
10022732,PO Box 900,                                        ,                                        ,                                        ,33851,Lake Hamilton,                         ,FL,US,33851
10022732,PO Box 900,                                        ,                                        ,                                        ,33851,Lake Hamilton,                         ,FL,US,33851
10008602,209 Sanford Road (Route 109),                                        ,                                        ,                                        ,04090,Wells,                         ,ME,US,04090
10023275,PO Box 30659,                                        ,                                        ,                                        ,97294,Portland,                         ,OR,US,97294
10023275,PO Box 30659,                                        ,                                        ,                                        ,97294,Portland,                         ,OR,US,97294
10023785,Defense Const. Supply Center,PO Box 16791,                                        ,                                        ,43216,Columbus,                         ,OH,US,43216
10023785,Defense Const. Supply Center,PO Box 16791,                                        ,                                        ,43216,Columbus,                         ,OH,US,43216
10026055,5100 Highway 93 South,                                        ,                                        ,                                        ,54701,Eau Claire,                         ,WI,US,54701
10026055,5100 Highway 93 South,                                        ,                                        ,                                        ,54701,Eau Claire,                         ,WI,US,54701
10025771,Southern Maryland 4 X 4 Inc,2588 Old Washington Road,                                        ,                                        ,20601,Waldorf,                         ,MD,US,20601
10024022,9950 Jeronimo Road,Attention: Sohaila,                                        ,                                        ,92618,Irvine,                         ,CA,US,92618
10008381,10023 128th St. E #7,                                        ,                                        ,                                        ,98373,Puyallup,                         ,WA,US,98373
10022450,Attention  Accounts Payable Department,PO Box 12990,                                        ,                                        ,66282-2990,Overland Park,                         ,KS,US,66282
10017054,7640 North Telegraph,                                        ,                                        ,                                        ,O,Newport,                         ,MI,US,O
10009907,PO Box 2143,                                        ,                                        ,                                        ,42702-2143,Elizabethtown,                         ,KY,US,42702
10009907,PO Box 2143,                                        ,                                        ,                                        ,42702-2143,Elizabethtown,                         ,KY,US,42702
10024492,Cache Border Services,2221 Kenmore Avenue,                                        ,                                        ,14207,Tonawanda,                         ,NY,US,14207
10012425,RR1 Box 9,                                        ,                                        ,                                        ,56744,Oslo,                         ,MN,US,56744
10012425,RR1 Box 9,                                        ,                                        ,                                        ,56744,Oslo,                         ,MN,US,56744
10007123,PO Box 194255,                                        ,                                        ,                                        ,72219,Little Rock,                         ,AR,US,72219
10007123,PO Box 194255,                                        ,                                        ,                                        ,72219,Little Rock,                         ,AR,US,72219
10020914,PO Box 547,                                        ,                                        ,                                        ,71225-0547,Calhoun,                         ,LA,US,71225
10007564,1287 US Highway 59 North,                                        ,                                        ,                                        ,77327,Cleveland,                         ,TX,US,77327
10007564,1287 US Highway 59 North,                                        ,                                        ,                                        ,77327,Cleveland,                         ,TX,US,77327
10024743,907 Cole Street,                                        ,                                        ,                                        ,98022,Enumclaw,                         ,WA,US,98022
10013252,Dallas PDC #15,Attention  Accounts Payable,PO Box 167728,                                        ,75016-7728,Irving,                         ,TX,US,75016
10008593,PO Box 99,                                        ,                                        ,                                        ,62249,Highland,                         ,IL,US,62249
10008593,PO Box 99,                                        ,                                        ,                                        ,62249,Highland,                         ,IL,US,62249
10023760,60 Lafayette Road,                                        ,                                        ,                                        ,03862,North Hampton,                         ,NH,US,03862
10023221,Attention  Accounts Payable Department,PO Box 12990,                                        ,                                        ,66282-2990,Overland Park,                         ,KS,US,66282
10014810,Attention: Accounts Payable Department,PO Box 8844,                                        ,                                        ,44711-8844,Canton,                         ,OH,US,44711
10014810,Attention: Accounts Payable Department,PO Box 8844,                                        ,                                        ,44711-8844,Canton,                         ,OH,US,44711
10002489,PO Box 266,                                        ,                                        ,                                        ,30180-0266,Villa Rica,                         ,GA,US,30180
10002489,PO Box 266,                                        ,                                        ,                                        ,30180-0266,Villa Rica,                         ,GA,US,30180
10002746,1200 North Ellis Street,                                        ,                                        ,                                        ,60106-1119,Bensonville,                         ,IL,US,60106
10002746,1200 North Ellis Street,                                        ,                                        ,                                        ,60106-1119,Bensonville,                         ,IL,US,60106
10025758,4532 Enterprise Drive,                                        ,                                        ,                                        ,73128,Oklahoma City,                         ,OK,US,73128
10025758,4532 Enterprise Drive,                                        ,                                        ,                                        ,73128,Oklahoma City,                         ,OK,US,73128
10010717,208 W Main,                                        ,                                        ,                                        ,66548,Waterville,                         ,KS,US,66548
10010717,208 W Main,                                        ,                                        ,                                        ,66548,Waterville,                         ,KS,US,66548
10016047,975 Main Street,                                        ,                                        ,                                        ,37206,Nashville,                         ,TN,US,37206
10000458,PO Box 840,                                        ,                                        ,                                        ,48606,Saginaw,                         ,MI,US,48606
10008596,PO Box 578,                                        ,                                        ,                                        ,71075,Springhill,                         ,LA,US,71075
10026336,PO Box 26,                                        ,                                        ,                                        ,29202,Columbia,                         ,SC,US,29202
10002506,Attention: Doris Nielson,PO Box 26005,                                        ,                                        ,84126,Salt Lake City,                         ,UT,US,84126
10027583,Attention: Charlene Hoyer,500 North Morton Avenue,PO Box 474,                                        ,61550-0474,Morton,                         ,IL,US,61550
10011521,32722 Highway 45,                                        ,                                        ,                                        ,38860,Okolona,                         ,MS,US,38860
10011521,32722 Highway 45,                                        ,                                        ,                                        ,38860,Okolona,                         ,MS,US,38860
10009356,Global Motorsport Parts Inc,PO Box 1179,                                        ,                                        ,63702,Cape Girardeau,                         ,MO,US,63702
10009356,Global Motorsport Parts Inc,PO Box 1179,                                        ,                                        ,63702,Cape Girardeau,                         ,MO,US,63702
10003720,2755 Kirila Boulevard,                                        ,                                        ,                                        ,16148,Hermitage,                         ,PA,US,16148
10003720,2755 Kirila Boulevard,                                        ,                                        ,                                        ,16148,Hermitage,                         ,PA,US,16148
10023212,"c/o Tom's Bronco Parts",2294 Sage Road,                                        ,                                        ,97501,Medford,                         ,OR,US,97501
10025062,731 North Beford Road,                                        ,                                        ,                                        ,10507,Bedford Hills,                         ,NY,US,10507
10025062,731 North Beford Road,                                        ,                                        ,                                        ,10507,Bedford Hills,                         ,NY,US,10507
10025769,850 Commerce Street,                                        ,                                        ,                                        ,96002,Redding,                         ,CA,US,96002
10024725,PO Box 174,                                        ,                                        ,                                        ,75951,Jasper,                         ,TX,US,75951
10024725,PO Box 174,                                        ,                                        ,                                        ,75951,Jasper,                         ,TX,US,75951
10007577,2621 State Route 57,                                        ,                                        ,                                        ,08886,Stewartsville,                         ,NJ,US,08886
10023538,Attention: Accounts Payable,4900 Alliance Gateway Freeway,                                        ,                                        ,76177,Fort Worth,                         ,TX,US,76177
10023538,Attention: Accounts Payable,4900 Alliance Gateway Freeway,                                        ,                                        ,76177,Fort Worth,                         ,TX,US,76177
10023489,3248 Auburn Boulevard,                                        ,                                        ,                                        ,95821,Sacramento,                         ,CA,US,95821
10023489,3248 Auburn Boulevard,                                        ,                                        ,                                        ,95821,Sacramento,                         ,CA,US,95821
10026062,2301 Central Parkway,                                        ,                                        ,                                        ,77092,Houston,                         ,TX,US,77092
10026062,2301 Central Parkway,                                        ,                                        ,                                        ,77092,Houston,                         ,TX,US,77092
10025814,5300 Glenmont Drive,                                        ,                                        ,                                        ,77081,Houston,                         ,TX,US,77081
10021459,Memphis PDC #19,Attention   Accounts Payable,PO Box 786,                                        ,38654-3703,Olive Branch,                         ,MS,US,38654
10009642,812 Draper Avenue,                                        ,                                        ,                                        ,60432,Joliet,                         ,IL,US,60432
10025247,390 Fountain Street,                                        ,                                        ,                                        ,15238,Pittsburgh,                         ,PA,US,15238
10025247,390 Fountain Street,                                        ,                                        ,                                        ,15238,Pittsburgh,                         ,PA,US,15238
10012422,PO Box 510,                                        ,                                        ,                                        ,35137,Saginaw,                         ,AL,US,35137
10012422,PO Box 510,                                        ,                                        ,                                        ,35137,Saginaw,                         ,AL,US,35137
10025037,725 North Twin Oaks Valley Road,                                        ,                                        ,                                        ,92069,San Marcos,                         ,CA,US,92069
10025037,725 North Twin Oaks Valley Road,                                        ,                                        ,                                        ,92069,San Marcos,                         ,CA,US,92069
10019909,500 Airport Drive,                                        ,                                        ,                                        ,54166,Shawano,                         ,WI,US,54166
10019909,500 Airport Drive,                                        ,                                        ,                                        ,54166,Shawano,                         ,WI,US,54166
10024270,PO Box 1010,                                        ,                                        ,                                        ,95955,Maxwell,                         ,CA,US,95955
10024270,PO Box 1010,                                        ,                                        ,                                        ,95955,Maxwell,                         ,CA,US,95955
10020388,7216 Ritchie Highway,                                        ,                                        ,                                        ,21061,Glen Burnie,                         ,MD,US,21061
10018890,18 North East 7th Avenue,                                        ,                                        ,                                        ,56304,St. Cloud,                         ,MN,US,56304
10009662,610 Garfield Avenue,                                        ,                                        ,                                        ,19486,West Point,                         ,PA,US,19486
10022490,Attention  Accounts Payable Department,PO Box 12990,                                        ,                                        ,66282-2990,Overland Park,                         ,KS,US,66282
10015824,PO Box 7005,                                        ,                                        ,                                        ,46634-7005,South Bend,                         ,IN,US,46634
10019150,Jacksonville PDC #21,Attention  Accounts Payable,PO Box 23017,                                        ,32241-3017,Jacksonville,                         ,FL,US,32241
10017828,PO Box 762,                                        ,                                        ,                                        ,90630,Cypress,                         ,CA,US,90630
10025495,PO Box 100603,                                        ,                                        ,                                        ,35210,Birmingham,                         ,AL,US,35210
10025495,PO Box 100603,                                        ,                                        ,                                        ,35210,Birmingham,                         ,AL,US,35210
10024248,9440 North Whitaker Road,                                        ,                                        ,                                        ,97217,Portland,                         ,OR,US,97217
10013188,PO Box 36409,                                        ,                                        ,                                        ,28236,Charlotte,                         ,NC,US,28236
10013188,PO Box 36409,                                        ,                                        ,                                        ,28236,Charlotte,                         ,NC,US,28236
10011198,703 Waverly Street,Route 135,                                        ,                                        ,01702,Framingham,                         ,MA,US,01702
10016564,PO Box 2338,                                        ,                                        ,                                        ,49685,Traverse City,                         ,MI,US,49685
10016564,PO Box 2338,                                        ,                                        ,                                        ,49685,Traverse City,                         ,MI,US,49685
10020413,PO Box 447,                                        ,                                        ,                                        ,73762,Okarche,                         ,OK,US,73762
10020413,PO Box 447,                                        ,                                        ,                                        ,73762,Okarche,                         ,OK,US,73762
10027575,10400 Plano Road,                                        ,                                        ,                                        ,75238,Dallas,                         ,TX,US,75238
10026843,100 East Inyo,                                        ,                                        ,                                        ,93274,Tulare,                         ,CA,US,93274
10009654,904 Billy Mitchell Boulevard,                                        ,                                        ,                                        ,78521,Brownsville,                         ,TX,US,78521
10009654,904 Billy Mitchell Boulevard,                                        ,                                        ,                                        ,78521,Brownsville,                         ,TX,US,78521
10021145,1127 South First Street NE,                                        ,                                        ,                                        ,39601,Brookhaven,                         ,MS,US,39601
10021145,1127 South First Street NE,                                        ,                                        ,                                        ,39601,Brookhaven,                         ,MS,US,39601
10025296,666  South Thompson Road,                                        ,                                        ,                                        ,53590-2553,Sun Prairie,                         ,WI,US,53590
10019109,Sacramento PDC #13,Attention  Accounts Payable,PO Box 15279 C,                                        ,95851-1297,Sacramento,                         ,CA,US,95851
10026078,PO Box 461090,                                        ,                                        ,                                        ,44146,Bedford,                         ,OH,US,44146
10025252,PO Box 4405,                                        ,                                        ,                                        ,46514,Elkhart,                         ,IN,US,46514
10025252,PO Box 4405,                                        ,                                        ,                                        ,46514,Elkhart,                         ,IN,US,46514
10021223,Michigan Truck Plant,38303 Michigan Avenue,                                        ,                                        ,48184,Wayne,                         ,MI,US,48184
10021223,Michigan Truck Plant,38303 Michigan Avenue,                                        ,                                        ,48184,Wayne,                         ,MI,US,48184
10009660,PO box 204658,                                        ,                                        ,                                        ,30917-4658,Augusta,                         ,GA,US,30917
10000474,PO Box 3265,                                        ,                                        ,                                        ,50316,Des Moines,                         ,IA,US,50316
10000474,PO Box 3265,                                        ,                                        ,                                        ,50316,Des Moines,                         ,IA,US,50316
10023510,15625 Highway North East,                                        ,                                        ,                                        ,55304,Ham Lake,                         ,MN,US,55304
10002709,PO Box 99,                                        ,                                        ,                                        ,97321,Albany,                         ,OR,US,97321
10002709,PO Box 99,                                        ,                                        ,                                        ,97321,Albany,                         ,OR,US,97321
10016549,PO Box 6307,                                        ,                                        ,                                        ,32236,Jacksonville,                         ,FL,US,32236
10020927,One Cabela Drive,Attention: Accounts Payable,                                        ,                                        ,69160,Sidney,                         ,NE,US,69160
10020927,One Cabela Drive,Attention: Accounts Payable,                                        ,                                        ,69160,Sidney,                         ,NE,US,69160
10011981,PO Box 2640,                                        ,                                        ,                                        ,59806,Missoula,                         ,MT,US,59806
10025038,PO Box 568,                                        ,                                        ,                                        ,17055,Mechanicsburg,                         ,PA,US,17055
10025038,PO Box 568,                                        ,                                        ,                                        ,17055,Mechanicsburg,                         ,PA,US,17055
10025791,PO Box 667,                                        ,                                        ,                                        ,97754,Prineville,                         ,OR,US,97754
10021668,13208 East 40 Highway,                                        ,                                        ,                                        ,64055,Independence,                         ,MO,US,64055
10000473,3290 Monier Circle #100,                                        ,                                        ,                                        ,95742,Rancho Cordova,                         ,CA,US,95742
10000473,3290 Monier Circle #100,                                        ,                                        ,                                        ,95742,Rancho Cordova,                         ,CA,US,95742
10025549,PO Box 21,                                        ,                                        ,                                        ,17256-0021,Shady Grove,                         ,PA,US,17256
10025549,PO Box 21,                                        ,                                        ,                                        ,17256-0021,Shady Grove,                         ,PA,US,17256
10018885,128 So. 2nd Avenue,                                        ,                                        ,                                        ,83201,Pocatello,                         ,ID,US,83201
10013232,PO Box 250825,                                        ,                                        ,                                        ,53225,Milwaukie,                         ,WI,US,53225
10013232,PO Box 250825,                                        ,                                        ,                                        ,53225,Milwaukie,                         ,WI,US,53225
10019900,3248 Auburn Boulevard,                                        ,                                        ,                                        ,95821,Sacramento,                         ,CA,US,95821
10019900,3248 Auburn Boulevard,                                        ,                                        ,                                        ,95821,Sacramento,                         ,CA,US,95821
10023244,PO Box 899,                                        ,                                        ,                                        ,38732-0899,Cleveland,                         ,MS,US,38732
10023244,PO Box 899,                                        ,                                        ,                                        ,38732-0899,Cleveland,                         ,MS,US,38732
10023783,PO Box 7647,                                        ,                                        ,                                        ,71611-7647,Pine Bluff,                         ,AR,US,71611
10023783,PO Box 7647,                                        ,                                        ,                                        ,71611-7647,Pine Bluff,                         ,AR,US,71611
10022678,PO Box 24217,                                        ,                                        ,                                        ,23224,Richmond,                         ,VA,US,23224
10022678,PO Box 24217,                                        ,                                        ,                                        ,23224,Richmond,                         ,VA,US,23224
10022249,201 Old Boiling Springs Road,                                        ,                                        ,                                        ,28152,Shelby,                         ,NC,US,28152
10022249,201 Old Boiling Springs Road,                                        ,                                        ,                                        ,28152,Shelby,                         ,NC,US,28152
10018867,2400 R E O Drive,                                        ,                                        ,                                        ,48507,Flint,                         ,MI,US,48507
10010914,Attention  Accounts Payable Department,PO Box 12990,                                        ,                                        ,66282-2990,Overland Park,                         ,KS,US,66282
10009623,2125 Whitney Avenue,                                        ,                                        ,                                        ,70056,Gretna,                         ,LA,US,70056
10013238,PO Box 5222,                                        ,                                        ,                                        ,53547-5222,Janesville,                         ,WI,US,53547
10013238,PO Box 5222,                                        ,                                        ,                                        ,53547-5222,Janesville,                         ,WI,US,53547
10024524,PO Box 511,                                        ,                                        ,                                        ,50659,New Hampton,                         ,IA,US,50659
10024524,PO Box 511,                                        ,                                        ,                                        ,50659,New Hampton,                         ,IA,US,50659
10021673,2700 Northern Drive South East,                                        ,                                        ,                                        ,49512,Grand Rapids,                         ,MI,US,49512
10015793,3248 Auburn Boulevard,                                        ,                                        ,                                        ,95821,Sacramento,                         ,CA,US,95821
10015793,3248 Auburn Boulevard,                                        ,                                        ,                                        ,95821,Sacramento,                         ,CA,US,95821
10010904,3513 West Highway 13,                                        ,                                        ,                                        ,55337,Burnsville,                         ,MN,US,55337
10016542,Greenville PDC #23,52 Bruce Road,                                        ,                                        ,29605,Greenville,                         ,SC,US,29605
10023235,7600 South Santa Fe,                                        ,                                        ,                                        ,77061,Houston,                         ,TX,US,77061
10023235,7600 South Santa Fe,                                        ,                                        ,                                        ,77061,Houston,                         ,TX,US,77061
10020931,PO Box 549,                                        ,                                        ,                                        ,59715,Bozeman,                         ,MT,US,59715
10020931,PO Box 549,                                        ,                                        ,                                        ,59715,Bozeman,                         ,MT,US,59715
10010912,PO Box 849,                                        ,                                        ,                                        ,72902-0849,Fort Smith,                         ,AR,US,72902
10025061,PO Box 80509,                                        ,                                        ,                                        ,44708,Canton,                         ,OH,US,44708
10025061,PO Box 80509,                                        ,                                        ,                                        ,44708,Canton,                         ,OH,US,44708
10010969,317 North Main Street,                                        ,                                        ,                                        ,46516,Elkhart,                         ,IN,US,46516
10010969,317 North Main Street,                                        ,                                        ,                                        ,46516,Elkhart,                         ,IN,US,46516
10022168,PO Box 113,                                        ,                                        ,                                        ,48726,Cass City,                         ,MI,US,48726
10022168,PO Box 113,                                        ,                                        ,                                        ,48726,Cass City,                         ,MI,US,48726
10025250,8503 Hilltop Drive,                                        ,                                        ,                                        ,37363,Ooltewah,                         ,TN,US,37363
10025250,8503 Hilltop Drive,                                        ,                                        ,                                        ,37363,Ooltewah,                         ,TN,US,37363
10019880,New York PDC #20,Attention  Accounts Payable,PO Box 6750,                                        ,08873-6750,Somerset,                         ,NJ,US,08873
10024541,Americas Body Company,PO Box 46539,                                        ,                                        ,44146,Bedford,                         ,OH,US,44146
10007122,22015 South I-35,                                        ,                                        ,                                        ,78610,Buda,                         ,TX,US,78610
10007122,22015 South I-35,                                        ,                                        ,                                        ,78610,Buda,                         ,TX,US,78610
10017585,11811 West Silver Spring Drive,                                        ,                                        ,                                        ,53225,Milwaukie,                         ,WI,US,53225
10021179,316 Millar Avenue,                                        ,                                        ,                                        ,92020,El Cajon,                         ,CA,US,92020
10021179,316 Millar Avenue,                                        ,                                        ,                                        ,92020,El Cajon,                         ,CA,US,92020
10026861,2280 South State Street,                                        ,                                        ,                                        ,84115,Salt Lake City,                         ,UT,US,84115
10009676,167 East Kalamazoo Avenue,                                        ,                                        ,                                        ,49007,Kalamazoo,                         ,MI,US,49007
10014047,1510 Merced Street,                                        ,                                        ,                                        ,93706,Fresno,                         ,CA,US,93706
10014047,1510 Merced Street,                                        ,                                        ,                                        ,93706,Fresno,                         ,CA,US,93706
10015275,1601 East 29th Street,                                        ,                                        ,                                        ,54449,Marshfield,                         ,WI,US,54449
10025289,3631 South Bagley Avenue,                                        ,                                        ,                                        ,93725,Fresno,                         ,CA,US,93725
10025289,3631 South Bagley Avenue,                                        ,                                        ,                                        ,93725,Fresno,                         ,CA,US,93725
10026532,500 Highway 18 West,                                        ,                                        ,                                        ,50438,Garner,                         ,IA,US,50438
10026532,500 Highway 18 West,                                        ,                                        ,                                        ,50438,Garner,                         ,IA,US,50438
10026291,1880 N Westwood,                                        ,                                        ,                                        ,63901,Poplar Bluff,                         ,MO,US,63901
10025511,3100 Mt. View Drive,                                        ,                                        ,                                        ,99501,Anchorage,                         ,AK,US,99501
10025808,3519 Arsonal Way,                                        ,                                        ,                                        ,98312,Bremorton,                         ,WA,US,98312
10020684,5415 Lamco Drive,                                        ,                                        ,                                        ,36117,Montgomery,                         ,AL,US,36117
10020171,1537 Sabraton Ave,                                        ,                                        ,                                        ,26505,Morgantown,                         ,WV,US,26505
10000462,6311 North Lindbergh Boulevard,                                        ,                                        ,                                        ,63042,Hazelwood,                         ,MO,US,63042
10009697,4455 Dardanelle Drive,                                        ,                                        ,                                        ,32808,Orlando,                         ,FL,US,32808
10009697,4455 Dardanelle Drive,                                        ,                                        ,                                        ,32808,Orlando,                         ,FL,US,32808
10013765,5821 Hampton Avenue,                                        ,                                        ,                                        ,63109,St Louis,                         ,MO,US,63109
10006848,1101A Potomac Avenue,                                        ,                                        ,                                        ,22405,Fredericksburg,                         ,VA,US,22405
10027572,2210 Bowen Road,                                        ,                                        ,                                        ,14059,Elma,                         ,NY,US,14059
10010906,5702 Industry Lane Unit B1 & 2,                                        ,                                        ,                                        ,21704,Frederick,                         ,MD,US,21704
10022252,13907 S Kostner Avenue,                                        ,                                        ,                                        ,60445-2205,Crestwood,                         ,IL,US,60445
10022252,13907 S Kostner Avenue,                                        ,                                        ,                                        ,60445-2205,Crestwood,                         ,IL,US,60445
10002240,50 Mystic Avenue,                                        ,                                        ,                                        ,02155,Medford,                         ,MA,US,02155
10017314,8901 Montana Avenue,                                        ,                                        ,                                        ,79925,El Paso,                         ,TX,US,79925
10000000,PO Box 6258,                                        ,                                        ,                                        ,44312,Akron,                         ,OH,US,44312
10000000,PO Box 6258,                                        ,                                        ,                                        ,44312,Akron,                         ,OH,US,44312
10007120,DBA Pronto Jobbers Warehouse,PO Box 409,                                        ,                                        ,83440,Rexburg,                         ,ID,US,83440
